CODGEO,code_departement,P22_POP,P16_POP,P22_MEN,MED_SL23,PR_MD60_23,P22_CHOM1564,P22_ACT1564,P22_EMPLT,ETTOT24
44001,44,2052,2068,862.38611,24080,,71.258564,1008.929632,304.951369,57
44002,44,4121,3763,1548.661439,27630,,115.135493,2109.839673,1550.021111,140
44003,44,11346,10595,5331.564209,26100,13,482.984574,5043.676021,14039.998782,720
44005,44,7288,6691,3024.345265,25870,8,270.963314,3618.8375,1907.579467,177
44006,44,1881,1797,877.499471,25700,,81.246371,839.637513,274.498546,47
44007,44,2451,2501,1117.751058,22940,,111.109578,1134.29957,368.942443,75
44009,44,9617,8867,3953.733359,32310,6,291.278549,4500.624751,3711.395256,360
44010,44,2799,2947,1491.470215,27730,,152.57318,1064.53603,577.578725,128
44012,44,3523,2944,1789,28490,,131,1198,696.081346,113
44013,44,3317,2999,1318.354997,26930,,130.14206,1713.79711,536.086785,48
44014,44,3967,3718,1580.810745,28650,,96.790323,2044.131238,2058.67546,155
44015,44,10352,9687,4336.938669,25370,10,462.681301,4795.730232,3934.72485,303
44016,44,1114,1040,426.077539,25500,,30.914907,586.943313,248.997931,25
44018,44,8281,7620,3505.562215,28660,7,297.050313,4080.798344,2383.923985,247
44019,44,1100,956,433,27720,,25,565,94.192012,17
44020,44,20590,19049,8799.022117,26590,13.8,949.696101,10230.954832,13370.35589,598
44021,44,5004,4931,2088.603254,25470,,189.954177,2240.020844,986.787691,143
44022,44,2814,2632,1153.404799,25720,,82.829658,1388.229476,652.433165,59
44023,44,3067,3141,1267.180064,25630,,113.428743,1528.204639,1025.59916,74
44024,44,2760,2790,1129.717461,29020,,72.8704,1450.296363,265.455322,44
44025,44,4031,4018,1569.429508,26710,,132.661441,1896.019261,1279.640404,135
44026,44,20535,19384,9027.761604,30820,7.4,717.15567,9831.42844,20237.785655,990
44027,44,2600,2217,954,28050,,81,1421,268.649433,41
44028,44,4011,3698,1642.842016,29370,,161.78212,1934.571683,1488.404074,124
44029,44,7158,6713,2932.992864,27150,,231.082643,3593.670644,1963.59064,211
44030,44,4424,4109,1858.622153,25090,,211.609132,2003.878592,514.419112,56
44031,44,811,816,361,23880,,34,357,123.532608,26
44032,44,3443,3265,1312.118068,28350,,76.450962,1775.219403,898.970466,85
44033,44,3246,2983,1237.501133,28930,,86.322103,1626.928741,380.708659,47
44035,44,20483,19348,8608.155247,31490,7,825.799013,9857.849578,10410.198915,637
44036,44,12231,11854,5957.052997,23000,19,681.210577,5021.090037,9824.293775,623
44037,44,3138,3007,1254,28380,,85,1608,718.83258,97
44038,44,3035,2814,1240.069384,25200,,89.324858,1529.704167,581.873822,69
44039,44,1172,1047,434.567145,28080,,36.718438,639.334705,220.093128,50
44041,44,6342,5490,2539.658646,27850,,158.818413,3272.811068,3083.161526,206
44043,44,7459,7035,3393.239622,28020,9,254.834148,3587.919372,4952.404813,392
44044,44,1072,1109,475.126893,22940,,60.378891,502.027218,122.444698,21
44045,44,3954,3692,1422.198989,27730,,103.289979,2003.786117,1202.402403,89
44046,44,2615,2684,1055.73163,27300,,99.363243,1378.340686,199.304174,41
44047,44,23541,20900,9974.345507,27510,9.6,990.781317,12133.655304,7472.636184,588
44048,44,2534,2543,993.224362,26740,,67.681202,1310.51046,294.471557,62
44049,44,4081,4066,2131.441762,28540,,120.299173,1192.603044,1259.089447,193
44050,44,2985,2926,1184.096033,26490,,78.310752,1481.16762,224.110767,29
44051,44,3578,3488,1491.101847,24310,,121.823967,1690.735092,1635.703661,142
44052,44,8117,7852,3362,25630,9,329,4053,3387.877963,176
44053,44,2288,2188,898.688425,26660,,73.206769,1167.170284,233.155251,31
44054,44,3062,2983,1228.610138,25280,,96.454275,1494.575266,558.503984,72
44055,44,16613,15455,9081.976467,32440,8,639.468537,5886.26809,5978.903602,989
44056,44,3852,3601,1490.698962,26570,,127.984322,1969.567766,535.290165,75
44057,44,2257,2447,982.362985,23570,,118.312135,1007.585018,402.083485,46
44058,44,502,483,207.972465,23250,,31.988383,228.214883,58.930718,13
44061,44,3289,3227,1274.468601,25360,,136.065571,1547.905675,509.273699,69
44062,44,1880,1781,763,25120,,90,959,224.683075,29
44063,44,3794,3621,1529.135643,27430,,123.445211,1876.986149,2078.542386,124
44064,44,5090,4543,1978.870921,27630,,141.293149,2546.12132,1025.481078,82
44065,44,770,772,328.632473,23110,,35.038957,338.440001,121.929888,20
44066,44,6910,5841,2499.31858,29730,,182.315463,3727.605252,2039.090819,192
44067,44,5242,5215,2364.595148,23280,15,272.880177,2331.188858,1437.117153,165
44068,44,3577,3335,1503.887857,24450,,132.280532,1704.485266,599.4027,63
44069,44,16684,16186,7881.986178,28630,8,601.398788,7550.602358,8560.88308,913
44070,44,4734,4648,1953.440527,29150,,156.755776,2444.490375,1634.733576,148
44071,44,5992,5755,2412.166264,30880,,193.680122,2889.119487,2129.79226,268
44072,44,7178,6719,3035,25730,9,262,3450,2488.749464,203
44073,44,6528,5930,2501.740685,27820,,227.093747,3311.119487,1769.615182,204
44074,44,4172,3915,1920,27770,,195,2243,1194.780474,62
44075,44,1825,1853,800.412604,23980,,90.322577,885.155793,448.646526,46
44076,44,1381,1342,544.550382,24170,,48.671174,684.211339,176.743888,25
44077,44,2753,2434,1084,25450,,79,1359,419.076536,57
44078,44,327,351,154.965365,21560,,18.743508,152.541062,145.815648,9
44079,44,3214,2977,1300.100588,26850,,95.169987,1750.189693,682.210656,87
44080,44,769,766,320,26990,,23,391,82.313018,12
44081,44,4769,4493,2008,24680,,153,2245,1613.934014,155
44082,44,5593,5143,2054.499671,27020,,158.440569,2826.293189,1269.123243,104
44083,44,2468,2401,919.636838,26010,,68.71388,1265.464251,946.562366,40
44084,44,8595,8126,3464.156038,27370,8,231.343031,4442.788843,2592.96469,240
44085,44,949,1020,391.509211,24400,,27.839589,452.139528,228.590971,23
44086,44,1064,1035,456.505459,23610,,47.102305,527.741707,165.15113,25
44087,44,7665,7393,3385.339121,25310,10,274.527376,3545.193807,5170.093849,341
44088,44,3071,2908,1236.617802,27280,,66.203057,1617.385958,356.266939,60
44089,44,3689,3429,1431.722281,28030,,104.165292,1895.377827,2063.671219,136
44090,44,1578,1479,655,25200,,52,879,427.569931,37
44091,44,1529,1499,660,24310,,50,758,229.380421,40
44092,44,670,691,306,22530,,31,295,67.026778,9
44094,44,3393,3208,1313.759466,29420,,107.675806,1720.089944,481.437876,58
44095,44,1587,1512,654.572328,23920,,62.260526,792.831073,192.92611,28
44096,44,4681,4686,1903,26450,,120,2381,1018.279561,113
44097,44,2156,1938,1084.328987,28570,,118.4487,757.219207,384.848995,75
44098,44,5619,5271,2303.640441,26010,,152.532998,2680.646134,1089.166129,119
44099,44,1964,1960,821.937798,24330,,95.737794,859.720218,511.885822,63
44100,44,2341,2179,939.607185,27170,,76.884565,1239.623539,285.850678,46
44101,44,6523,6215,2757.173727,27090,10,291.678834,3169.632251,3277.741744,157
44102,44,3346,3097,1321.987805,26650,,67.736174,1736.327489,686.42624,98
44103,44,7289,7079,3154,25290,11,289,3441,10968.593476,325
44104,44,843,859,341.685472,25360,,26.00715,428.502397,84.028375,13
44105,44,356,384,155.023491,22530,,20.761511,180.056051,49.001499,11
44106,44,1846,1576,910.568948,27460,,70.10352,676.59116,201.557816,50
44107,44,2004,1874,761,26250,,75,1110,230.451046,40
44108,44,2903,2810,1169.230115,27450,,96.546183,1541.180907,704.564816,84
44109,44,325070,306694,172690.222511,26720,19.1,22425.009878,168362.743584,213420.039399,11718
44110,44,9448,8651,3850.942552,26520,8,277.226366,4660.782003,3044.979526,288
44111,44,2335,2144,896,26520,,76,1200,218.457676,33
44112,44,579,592,223.281746,24010,,22.712482,298.540079,79.285361,9
44113,44,4280,4130,1836.255145,25220,,181.11334,2014.426238,2004.643644,167
44114,44,28341,25931,12398.779096,30410,11.3,1161.548096,13105.138546,13164.142904,963
44115,44,3915,3763,1589.937169,28380,,114.669525,1937.046453,525.129268,75
44116,44,3030,3144,1472.376711,23620,,159.890422,1328.86225,1059.226064,52
44117,44,3374,3236,1375.253807,27870,,80.989278,1801.26648,761.465627,102
44118,44,1454,1342,539.960674,24420,,50.621271,723.654245,201.520708,27
44119,44,2042,1978,809,25020,,69,993,282.85677,47
44120,44,5335,5050,2262.625237,26610,,222.561872,2617.627207,1045.934921,110
44121,44,437,429,182.757712,23210,,24.443875,203.936481,67.955499,13
44122,44,3865,3605,1481.129224,27740,,114.947974,2035.379921,463.957854,71
44123,44,1011,983,450,24300,,37,489,127.68343,26
44124,44,829,770,326.477034,24490,,33.403248,382.645068,121.88021,22
44125,44,2663,2261,1359,29320,,106,837,548.971705,110
44126,44,4617,4164,2229.223056,27060,,170.354372,1822.277978,838.810486,127
44127,44,2802,2610,1094.246841,25440,,58.446052,1423.924485,615.299414,77
44128,44,5281,5241,2217.903398,24720,12,269.423561,2460.570238,959.507853,146
44129,44,11249,10666,4812.484216,26570,8,450.449971,5325.166757,4923.609322,358
44130,44,6942,5877,2789.6215,29240,,173.333934,3544.674596,1888.923358,202
44131,44,18382,14703,9238.434316,29470,7,701.094187,7312.034041,8074.56105,871
44132,44,12530,10676,6489.335919,31310,8,528.420741,4929.950422,3303.515288,501
44133,44,3046,2910,1295,27910,,99,1634,471.794851,67
44134,44,1050,1025,394.519414,26210,,18.968826,541.607335,136.56734,23
44135,44,4007,4410,2239.375462,29460,11,165.248007,1150.757377,1293.121291,240
44136,44,1246,1223,686.601587,30360,,61.709312,349.571211,277.408211,64
44137,44,3557,3476,1355.50841,27680,,91.97976,1865.727841,653.111693,73
44138,44,1124,1119,442,25930,,36,595,541.711856,55
44139,44,1541,1379,604,25720,,43,815,171.299475,20
44140,44,1559,1525,627.70399,25890,,46.121163,858.560332,287.687548,31
44141,44,1288,1284,486.632361,25480,,34.687305,670.732484,147.970139,27
44142,44,1932,1899,764,25910,,63,1047,292.57104,42
44143,44,43349,40368,20602.703119,26580,14.1,2159.355509,21663.563594,16652.48486,1241
44144,44,2358,2319,966,24390,,77,1082,644.182809,64
44145,44,3272,2913,1272,26650,,78,1674,561.135563,57
44146,44,2152,2237,912.788674,24350,,81.357128,951.018507,314.963766,55
44148,44,705,708,284.947216,23410,,36.610699,324.186081,71.747668,11
44149,44,4075,3860,1614.156445,25830,,104.965485,2101.158691,565.209391,76
44150,44,3991,3912,1604.886026,28420,,102.814582,1933.496085,4460.074017,195
44151,44,6949,6355,2847,29840,,207,3428,1357.117932,140
44152,44,3014,2984,1193.040274,26120,,111.091592,1472.964726,313.07018,65
44153,44,1749,1777,707.22275,23860,,77.377656,804.304119,185.739008,29
44154,44,14645,13778,7004.368619,28760,8,511.956068,5913.771553,4896.987539,414
44155,44,3499,3333,1381.037984,26570,,125.665565,1850.914099,416.041298,70
44156,44,3209,2873,1231.708104,25110,,87.958872,1626.06652,748.182288,59
44157,44,1764,1715,700.221184,24260,,81.860064,858.611799,282.380158,38
44158,44,7739,6952,3133,30120,,230,3775,2897.279606,240
44159,44,1246,1186,510.545086,30640,,38.702498,642.798153,168.261402,27
44161,44,3790,3776,1521.35048,25050,,162.798288,1662.921605,1286.219082,91
44162,44,50561,46603,23984.981963,25940,16.9,2800.079253,24823.701291,47219.122952,2754
44163,44,4890,4624,1873.752951,26250,,158.032662,2335.562595,1021.477625,89
44164,44,2376,2265,930.703261,25390,,81.204055,1169.514727,718.020141,71
44165,44,2405,2268,905.76149,27060,,66.643976,1246.382814,761.662388,55
44166,44,6024,5692,2464.141569,27230,,221.823242,2938.774032,687.102225,77
44168,44,4125,3983,1821.30786,24840,,135.698308,1943.802919,529.271799,53
44169,44,7768,6888,3200.706096,28760,,212.521752,3984.253487,2772.769844,244
44170,44,963,973,381.293461,23510,,37.206514,396.740557,230.645207,28
44171,44,2114,1776,830.547028,29400,,54.557959,1137.69794,181.300877,31
44172,44,16227,15247,7051.156883,28980,9,704.787644,8067.602326,6682.829145,554
44173,44,2118,2109,844.351942,26700,,47.595972,1135.669067,314.936852,37
44174,44,2390,2128,935.183507,26340,,80.373824,1264.329119,232.992639,48
44175,44,5246,4699,2068,27420,,155,2525,716.77871,100
44176,44,3221,3175,1402.460664,26080,,125.867386,1483.113811,272.931803,35
44178,44,2644,2630,1048.080352,27000,,102.223792,1307.66446,377.216605,56
44179,44,5435,4787,2089.718332,27990,,159.574249,2739.58204,919.95684,120
44180,44,6625,6589,2790.05335,23960,12,204.128516,3156.894909,2642.736806,188
44182,44,5520,4813,2729.803386,27960,,192.514073,2266.30599,1040.193336,158
44183,44,2859,2560,1182.204493,26550,,99.327979,1474.665598,433.038644,70
44184,44,73111,69719,37608.555989,24750,18,4410.797894,32114.896967,41766.770557,2203
44185,44,3304,3164,1577.044964,24480,,202.462028,1464.762263,1176.15923,96
44186,44,7209,6659,2841.16464,26790,,234.032733,3738.673304,1736.408932,180
44187,44,4701,4553,1999.018587,25240,,209.682605,2264.354141,1977.803727,154
44188,44,9392,8851,3769.240861,27410,7,301.947826,4851.790608,3313.220534,312
44189,44,2447,2353,989.841565,25540,,95.418435,1125.722792,294.599064,39
44190,44,28373,26872,13789.956452,28930,9.7,1275.480158,14100.402513,7202.202634,590
44192,44,2846,2457,1155.308114,26080,,82.023532,1480.429372,525.298744,71
44193,44,1527,1521,615,23440,,57,693,233.027169,34
44194,44,8534,7915,3760.023545,33610,7,225.356794,3725.458788,2517.55546,280
44195,44,9465,8448,3618.166632,28290,9,375.067182,4544.901611,3558.780925,291
44196,44,1693,1628,760,24330,,66,745,182.547956,18
44197,44,1658,1598,731.595068,22950,,83.358187,739.105547,302.889811,50
44198,44,9163,8216,3888,28200,8,310,4615,3953.699973,383
44199,44,1965,2000,861,24390,,78,905,642.582117,48
44200,44,339,351,151.149278,23470,,16.991243,173.98327,49.127011,6
44201,44,7457,6958,2974.84585,33610,,189.531213,3509.156637,1252.947596,179
44202,44,1820,1785,707.104129,25740,,53.536161,904.285369,390.510362,44
44203,44,2005,1928,765.769322,27440,,46.293795,1062.405309,234.296658,33
44204,44,10956,9778,4484.299239,29430,8,409.152131,5468.938852,3282.582887,297
44205,44,2619,2488,1034,25400,,83,1255,593.304313,57
44206,44,1936,1794,773,24660,,71,940,329.579078,45
44207,44,1124,1065,391.200012,24540,,33.711158,499.530742,179.632212,24
44208,44,976,862,395.074653,22750,,39.167285,476.354755,119.066743,25
44209,44,10414,8978,3987.340491,31030,6,258.202958,5278.204065,3324.024249,338
44210,44,8234,7871,3676.992222,24200,13,459.908181,3855.133825,3771.630398,379
44211,44,4862,4502,2603.166109,27900,10,203.108848,1713.846044,1247.847764,198
44212,44,9524,8953,4046,26770,8,281,4868,3935.573272,334
44213,44,7509,7540,3156.849221,24540,11,325.316071,3541.673848,1955.139392,228
44214,44,2084,2060,831.632898,24970,,63.671028,1067.703741,330.639622,51
44215,44,26048,23581,11415.695997,31190,6.6,843.352359,12534.350288,10224.240627,845
44216,44,4110,3961,1650.611306,26060,,91.685094,2031.965566,1160.86292,134
44217,44,6633,5923,2510,31380,,159,3436,2474.12409,261
44218,44,687,662,282.691587,25100,,33.242913,356.557667,171.899975,17
44220,44,1716,1648,708.943785,26690,,69.56981,951.265647,177.106401,32
44221,44,1559,1556,560.53193,26740,,31.595195,855.728907,170.884478,27
44222,44,1258,1187,489.415383,26490,,41.590509,606.240796,89.908035,17
44223,44,3691,3638,1464.393859,27620,,110.077152,1937.10451,934.735694,104
44224,44,1815,1657,690.366123,25070,,71.004095,920.497572,274.344596,35
49002,49,2925,3026,1257.519432,24540,,122.746385,1320.73153,1084.440051,101
49003,49,1734,1774,726.733759,24260,,71.343178,833.696739,335.300166,59
49007,49,157555,151229,83926.95744,23930,22,11815.815969,74053.471835,93859.828678,5368
49008,49,917,947,346.441315,23970,,45.953136,429.062241,134.293633,30
49009,49,450,467,193.380754,25070,,22.95383,246.498207,37.115932,6
49010,49,317,313,131.720854,26330,,16.065149,154.53398,58.997709,14
49011,49,410,426,171,27510,,15,198,11.018437,4
49012,49,349,366,145,23920,,11,156,45.543877,8
49015,49,15225,13699,7152.362426,28520,10,694.629835,6571.504509,5320.814017,369
49017,49,629,572,229.392622,24930,,20.90477,317.106271,86.700724,11
49018,49,11747,11868,5096.030003,24110,13,488.298425,5235.238621,4135.711581,382
49020,49,5618,5002,2439.448862,28980,,197.967248,2562.576938,8179.460456,631
49021,49,6893,7166,2917,25190,8,252,3161,2438.73853,234
49022,49,1346,1413,559.389063,27030,,26.940063,687.782407,708.957994,50
49023,49,23887,23146,9780.037898,25400,7.2,734.705389,11448.669072,8632.573127,708
49026,49,2781,2810,1153.323553,26270,,119.437487,1388.795853,612.364904,96
49027,49,2115,2040,810.971057,25980,,59.958157,1100.327364,231.652441,41
49028,49,119,123,60.017391,25600,,3.104348,58.982609,12.313732,8
49029,49,1317,1228,582.626287,28740,,71.1492,599.609898,153.270159,32
49030,49,938,998,373.751376,26080,,44.152879,455.451282,94.387863,19
49035,49,6635,6709,2734.592039,32260,,152.584498,2767.548902,1344.046714,156
49036,49,775,745,305.61151,23780,,29.676019,370.152298,41.563579,11
49038,49,236,251,104.950762,22170,,8.065378,118.013167,17.113532,5
49041,49,2078,1973,883.006943,23430,,120.328514,885.670676,305.645715,44
49045,49,617,599,231.263297,23320,,33.607772,279.847367,104.307949,16
49048,49,3193,2898,1268.935145,28100,,92.880908,1528.646931,272.423813,59
49050,49,11000,10803,4399.874875,27020,6,355.316174,5417.536087,3177.790462,325
49053,49,348,371,139.593116,24580,,5.784747,166.702614,97.552658,8
49054,49,2815,2845,1280,24000,,145,1190,1371.416065,102
49055,49,2397,2214,979.524699,29100,,64.498519,1099.523192,318.364433,60
49056,49,276,252,106,25550,,12,137,19,9
49057,49,329,362,125.089966,23600,,7.79128,150.247683,31.042845,7
49058,49,892,880,362.447486,24130,,23.850624,423.150022,1290.117003,26
49060,49,3450,3552,1509.365097,24450,,131.17145,1535.883221,1327.247706,97
49061,49,811,816,356.656919,23480,,37.937156,377.248813,178.740689,36
49063,49,6541,6557,2937.609233,26540,8,279.751326,2980.692838,2453.435277,240
49064,49,409,392,155.958467,25660,,7.228292,180.302258,87.553866,18
49067,49,341,354,137,24940,,11,166,136.199357,13
49068,49,1837,1870,742.77359,25350,,52.321429,892.796167,1084.744016,64
49069,49,,,,,,,,,
49070,49,712,710,295.187611,24860,,25.42384,339.043308,77.611066,12
49076,49,820,743,307,26100,,20,466,50.901462,11
49080,49,8712,8776,3603,24680,10,349,4090,2402.034718,217
49082,49,941,959,386.15742,25130,,30.091076,470.227083,127.01534,21
49086,49,3885,3959,1545,25620,,87,1944,1055.984452,129
49089,49,1067,1059,422.988509,25030,,25.95951,541.312718,172.79118,30
49090,49,1036,977,424,25160,,34,503,112.97825,13
49092,49,21550,21600,8724.131339,25430,8.9,668.113405,10542.193287,8945.859863,761
49099,49,54074,53718,25995.038258,25020,15.8,3057.151515,24895.9051,37823.183093,2246
49100,49,473,471,199.164936,25000,,20.122453,234.192766,105.158291,21
49102,49,345,343,143.20591,24250,,18.76505,151.226114,102.496641,12
49107,49,481,472,202.803446,27420,,16.066667,229.755998,424.438024,18
49109,49,1575,1598,651.017188,25420,,38.604367,777.244954,326.925305,37
49110,49,1982,1819,771.026506,25770,,89.281687,1017.600212,379.895911,53
49112,49,935,917,414.813846,26540,,18.399672,399.821718,154.254671,21
49113,49,530,497,217.218253,25700,,17.799376,262.097234,45.631367,9
49114,49,140,147,66.62069,21740,,8.689655,56,18.733207,3
49120,49,1448,1402,606,27290,,40,731,176.028001,26
49121,49,442,464,184,24620,,17,220,80.52008,13
49123,49,1812,1673,720.471969,27090,,78.884524,861.749479,898.715976,143
49125,49,11227,10981,4878.288639,24540,12,494.982166,5065.390482,4938.440961,391
49126,49,16975,16324,6926.341099,25770,7,537.013913,8699.417462,3631.599442,385
49127,49,3376,3371,1468.854375,24600,,158.570034,1506.818611,1714.43155,137
49129,49,4614,4070,2042.358563,26690,,183.508561,2098.805528,3525.598984,220
49130,49,661,631,227.21539,27430,,19.951417,339.770269,65.815249,12
49131,49,719,747,290.692455,24460,,25.88921,349.889733,45.953374,6
49132,49,1567,1547,615.944082,25460,,45.107469,844.073265,281.74105,29
49135,49,2216,2216,877.732241,27780,,68.063934,1049.602865,326.85647,45
49138,49,2531,2637,1016.002742,24960,,79.925218,1229.666255,398.671488,64
49140,49,1477,1532,519.069395,23460,,57.594133,830.090512,1399.49596,27
49155,49,1437,1449,574.806956,29340,,47.447653,771.968037,329.592355,58
49160,49,3069,2976,1311.678673,24760,,143.23767,1384.073416,623.19871,75
49161,49,343,320,136.468687,26210,,13.074087,175.817944,147.245851,8
49163,49,2792,2746,1133.614059,25100,,77.570807,1373.992864,531.859936,61
49167,49,4670,4495,1935.140508,31910,,133.602346,2063.057817,925.98834,145
49170,49,828,822,365,26390,,39,389,88.625605,14
49171,49,119,122,54,24130,,3,56,17.023186,2
49174,49,1304,1321,540.646925,24430,,53.479208,697.591499,367.589812,26
49176,49,5343,4870,2200.172174,25990,,225.257512,2588.146939,2282.411351,178
49178,49,884,861,367.672275,24740,,33.039822,413.926206,141.686264,34
49180,49,6583,6813,3048,23720,15,308,2898,3008.104169,234
49182,49,895,844,370.353685,25930,,21.87518,461.144328,354.945587,31
49183,49,4967,4856,1978.554635,25470,,160.491771,2422.602297,878.223535,106
49188,49,846,842,327.583959,26020,,22.848555,449.081444,159.418279,21
49192,49,3206,3161,1302.571312,25980,,115.099188,1526.713263,1816.836788,125
49193,49,3878,3822,1680.099441,25250,,135.203825,1874.623586,1015.065306,81
49194,49,5770,5787,2293,26840,,166,2839,1064.995566,121
49195,49,1257,1154,484.259378,26290,,35.307195,604.529627,330.111025,29
49200,49,6453,6351,2556.34745,27970,,166.522212,3238.785664,1886.726151,113
49201,49,2057,2089,908.369251,25480,,90.81698,972.087485,779.420201,41
49205,49,1050,989,408,23600,,40,452,250.221017,37
49209,49,433,414,163.191812,25200,,13.692171,215.456895,39.583685,6
49211,49,1229,1225,502,25200,,33,570,748.368438,42
49214,49,7811,7513,3320.66322,27720,7,274.503378,3654.433148,2010.122307,135
49215,49,3716,3903,1742.823516,24190,,188.977186,1704.314787,2105.278464,132
49216,49,565,570,222,28200,,16,293,80.11393,9
49217,49,792,744,313.435032,26240,,32.501431,420.613462,130.193912,14
49218,49,15684,15971,6507.374598,24680,8,492.88956,7595.965806,5279.666441,407
49219,49,416,441,226.349009,27820,,25.075586,160.029735,179.960117,32
49220,49,3694,3642,1578,24670,,124,1729,1326.790046,100
49221,49,800,864,378.081979,21640,,40.973658,336.027409,114.974029,21
49222,49,2033,2006,828.395399,27430,,65.181974,980.766764,723.594062,66
49223,49,6172,5453,2725.491323,27750,8,203.187774,2799.843762,1492.75542,158
49224,49,1011,991,409.112142,24490,,50.115302,462.554829,389.146817,28
49228,49,5473,5680,2588,22210,19,300,2315,1655.98985,173
49231,49,1454,1489,614.379367,26350,,48.828966,702.06944,501.243562,40
49235,49,377,435,185,27400,,11,170,119.381556,21
49236,49,128,126,67,24530,,5,58,24.112054,6
49237,49,137,145,71.900709,22880,,2.914894,62.184397,23.4781,1
49240,49,1016,1031,414.981972,24290,,33.548448,504.489936,264.186335,24
49241,49,2649,2326,1033,29110,,72,1306,535.306102,75
49244,49,18514,18366,7737.409511,25020,9,620.286519,8484.708457,6386.044887,543
49246,49,12863,12708,6127.804081,26690,12,599.461558,5829.493295,4832.145151,498
49247,49,2478,2429,996.979014,27480,,81.203227,1173.048518,408.690017,50
49248,49,8811,9013,3844,23850,13,403,3946,2776.921946,283
49253,49,1089,1193,508,23700,,44,492,320.124029,45
49257,49,1043,1006,454,24760,,34,495,219.205699,17
49259,49,2332,2343,942.350022,26130,,54.684239,1081.579083,441.114589,64
49260,49,2012,1835,838.816044,26320,,79.648969,1045.873587,565.021645,51
49261,49,8452,8679,3768.172904,25150,10,408.854224,3735.752223,1831.074136,235
49262,49,644,664,286,26900,,13,283,53.554925,9
49266,49,1283,1214,499.294582,26200,,36.346115,678.373318,166.776747,20
49267,49,9496,9209,4364.735637,26190,13,512.228281,4096.592208,8436.343287,551
49269,49,2843,2699,1153.055694,26920,,69.526055,1384.483046,832.447645,83
49271,49,2139,2161,811.835505,27740,,45.692451,1113.487298,291.617852,40
49272,49,1127,1118,484,24170,,48,522,195.706863,15
49278,49,3617,3416,1592.172689,30130,,89.586602,1553.196398,2477.222617,170
49283,49,3787,3570,1503.107359,26180,,106.583863,1814.662253,1470.042031,134
49284,49,1396,1399,584.795497,25550,,44.428021,697.834974,261.441998,41
49288,49,225,230,106.243609,26620,,2.86065,118.958817,13.071252,3
49291,49,386,396,164.145268,23920,,22.633246,195.182809,43.300432,8
49292,49,3508,3397,1311.786367,26040,,125.2889,1758.055216,666.819071,91
49294,49,2961,2731,1130.318041,28980,,87.305513,1380.242047,369.332815,59
49298,49,3860,3529,1477,29560,,124,1965,1355.338536,175
49299,49,3099,2817,1229.875447,26950,,85.851612,1481.975828,694.072852,78
49301,49,25764,25681,10454.409036,26070,6.2,799.801157,13073.966061,8345.856798,702
49302,49,442,457,186.547183,22920,,12.959351,221.357694,87.684467,11
49306,49,1693,1672,689.67921,28630,,49.452249,831.322727,322.943988,66
49307,49,16588,15821,6668.210183,27910,5,534.606278,7916.871377,3842.649235,407
49308,49,2209,2040,910.642045,31470,,35.733376,1040.917011,347.512008,53
49310,49,600,599,259.362068,23100,,26.967222,304.498882,74.948454,17
49311,49,1319,1297,523.144953,25090,,58.721344,644.78727,175.260043,20
49323,49,7946,7060,3373.72931,27010,9,288.767682,3754.004021,5479.655924,368
49326,49,891,815,352.418739,29400,,18.15321,465.620985,53.024446,11
49328,49,26074,27125,13243.001155,23990,18.8,1631.804791,10860.9042,15076.126999,1155
49329,49,1351,1338,549.694799,28690,,47.450502,627.57686,238.922367,48
49330,49,1161,1183,414.098538,26410,,30.888036,576.050589,70.777891,14
49331,49,17617,17577,7763.156389,24390,12,686.013632,8008.454597,8102.713167,579
49332,49,4199,4092,1669.27955,27320,,111.917057,1926.328654,2289.35388,223
49333,49,2853,2980,1198.584146,24710,,135.437569,1403.955899,1696.208107,113
49334,49,341,319,139.454337,25000,,14.947183,176.789126,41.637578,7
49336,49,875,897,368.837975,24970,,25.44082,440.935002,288.38885,37
49338,49,1344,1418,543,28720,,41,658,86.066469,17
49339,49,1477,1484,576.685735,27750,,57.845686,753.102741,109.527631,23
49341,49,691,760,307,25080,,27,320,103.961519,16
49343,49,3178,3162,1344.612638,26960,,70.211993,1517.112523,697.51262,89
49344,49,1238,1222,441.713857,26660,,28.940326,666.207059,143.938709,20
49345,49,5874,5757,2451.434633,25780,,143.59354,2867.049957,1673.505375,195
49347,49,4498,4349,1968.795852,26990,,149.879463,2017.660376,1524.228313,176
49352,49,1316,1336,522.496856,25800,,36.922913,661.787362,146.626054,23
49353,49,15620,14402,6795.68408,23960,17,951.235024,7690.207206,5355.220791,431
49355,49,3078,2956,1285,26280,,84,1481,755.963604,75
49358,49,569,585,248.011499,23910,,37.523227,280.928887,132.890331,27
49359,49,553,581,230.741027,27500,,19.22533,290.679676,81.475235,18
49361,49,1924,1829,831,23800,,85,815,278.254342,39
49362,49,1282,1224,555,27620,,33,568,169.975705,34
49364,49,1122,1159,477.413903,24740,,27.930194,565.016467,194.072319,35
49367,49,5784,5750,2156.837986,25210,,227.641242,2850.847002,1007.1511,120
49368,49,2006,1990,839.259191,22870,,107.736054,821.426264,704.71098,63
49369,49,1330,1269,602.221277,22660,,63.540922,550.917278,245.441929,42
49370,49,459,478,194,25750,,6,223,39.49227,10
49371,49,1750,1704,757.021575,25110,,69.413163,909.48366,305.316735,32
49373,49,7722,7882,3357.481725,23890,11,274.803646,3535.831954,2605.380244,282
49374,49,1462,1540,576.929583,23700,,73.940607,624.273443,177.134034,19
49377,49,5642,5503,2209.333685,28150,,152.69172,2727.181934,1067.596408,114
49378,49,2599,2589,1068.087003,24320,,112.613395,1192.837697,641.901676,60
49381,49,1829,1855,792.92979,25350,,62.638806,883.09425,475.860493,55
53001,53,1864,1812,737.993663,26540,,46.618122,908.125297,187.356908,35
53002,53,612,599,209,25350,,12,276,105.784539,16
53003,53,2603,2812,1149.935985,24800,,80.655868,1063.567242,1094.766577,104
53005,53,2324,2281,1035,25370,,42,1113,682.176146,76
53007,53,2908,2782,1177.240931,26370,,79.757998,1395.629524,447.976659,66
53008,53,1830,1788,807.619795,25970,,34.279286,837.279783,325.910595,39
53009,53,672,640,259.603293,26650,,18.958005,330.219071,157.024195,23
53010,53,419,442,172.333428,25500,,11.812819,224.19123,57.622125,8
53011,53,887,866,333.376862,25720,,39.556724,476.92859,126.494774,25
53012,53,453,497,190.310599,25350,,13.969031,233.374686,66.135529,14
53013,53,555,596,247.497927,25130,,25.52624,253.680593,127.073877,20
53015,53,1964,1923,693.093591,25810,,51.073,967.568583,249.698205,34
53016,53,1220,1244,511.305806,23270,,33.135543,458.081163,512.626009,45
53017,53,971,914,398.300574,23230,,32.638721,451.443146,444.974905,31
53018,53,1298,1275,501.733326,24480,,38.019732,583.490401,397.741917,47
53019,53,119,123,50.575,25940,,1.983333,62.475,27.890419,4
53021,53,966,999,362,27810,,20,503,74.296845,12
53022,53,495,514,200,25810,,15,257,61.883664,17
53023,53,550,540,188,26550,,10,312,47.891229,6
53025,53,1086,1119,428.652975,25390,,33.086077,560.74943,310.595091,29
53026,53,500,504,180.437673,26380,,11.274851,262.887254,89.674239,15
53027,53,203,184,76.003302,24970,,6.000261,99.004301,27.955267,7
53028,53,560,614,218.76615,25800,,15.050258,307.864144,37.059298,8
53029,53,1280,1254,501.753565,23330,,53.05651,617.680472,209.118762,41
53030,53,320,335,120.066958,26990,,7.001997,171.020265,37.819706,7
53031,53,490,499,190.189598,25540,,7.023858,251.351961,54.79398,15
53033,53,116,114,47,24250,,7,60,20.546307,5
53034,53,6294,5948,2607.658389,28150,,160.566624,2773.60048,2396.231112,230
53035,53,611,553,217.559658,24600,,16.524711,298.132107,74.677452,20
53036,53,1066,1102,413.888492,24070,,35.155371,485.950852,200.612284,26
53037,53,718,742,286.703735,25240,,28.649026,379.542522,47.075171,11
53038,53,136,164,72.467153,25820,,1.985401,63.532847,20.796803,7
53039,53,1726,1799,752.958637,24600,,31.049305,779.605252,453.958446,54
53040,53,618,648,267.919641,24100,,29.368198,327.115187,81.738051,12
53041,53,276,265,118.830947,25870,,4.930701,132.607534,45.159606,8
53042,53,833,814,364.809013,25300,,18.762809,379.882183,162.865502,23
53043,53,584,535,215.298652,24870,,19.633137,272.962827,123.843539,13
53045,53,674,704,284.35399,25970,,12.767508,317.854047,131.50622,15
53046,53,313,309,122.19201,25410,,7.033131,165.315328,35.214208,8
53047,53,254,265,119.800331,24250,,6.052147,109.617138,57.728418,11
53048,53,1173,1197,513.020266,24830,,33.626918,582.999739,463.001038,47
53049,53,691,708,245.142762,26880,,16.138277,353.330699,47.288979,6
53051,53,624,580,257.146595,23130,,31.014221,297.738102,57.824839,10
53052,53,282,305,125.013584,25830,,9.968029,136.268143,20.034888,7
53053,53,495,521,225.444638,24250,,18.204282,232.465023,66.200937,8
53054,53,6482,5950,2727,28990,,177,2779,5379.819549,466
53055,53,599,612,256.174743,24960,,17.878866,275.192182,143.913812,24
53056,53,963,1009,358.960512,27430,,25.718187,518.93264,173.997602,16
53057,53,503,501,212,22830,,12,222,114.654234,12
53058,53,315,346,132.132707,25890,,3.874506,171.515006,36.160878,8
53059,53,413,415,151.585477,25890,,10.070711,225.452738,56.655145,13
53061,53,455,495,201.322083,24260,,13.032436,211.108113,405.905186,11
53062,53,16539,16858,8036.316555,25180,11,618.665412,7101.361457,10095.578019,705
53063,53,464,479,186.76255,23810,,8.879115,242.897277,76.193437,10
53064,53,960,1046,433.351051,24540,,31.351692,432.77111,175.655284,31
53066,53,1363,1364,533.598854,25080,,23.075619,675.425762,225.079612,29
53067,53,433,406,179,23590,,16,222,68.858127,10
53068,53,155,161,68.2,23720,,2.066667,60.966667,44.565618,8
53069,53,152,175,82.909091,21580,,5.922078,62.181818,42.290202,5
53071,53,477,482,199.734044,23180,,7.832561,198.958639,64.273022,17
53072,53,1289,1204,510.342468,26020,,39.269305,651.650131,109.665704,22
53073,53,919,904,397.099692,22980,,40.52519,424.911203,340.087815,24
53074,53,840,851,338.421011,26970,,25.07238,426.828023,98.779511,20
53075,53,298,287,122,23770,,9,151,32.902921,6
53076,53,307,315,130,24720,,12,160,52.843058,11
53077,53,3208,3098,1347.078321,25160,,85.996467,1446.949481,1192.530585,124
53078,53,867,867,324.956712,24740,,23.951888,434.322319,122.163039,21
53079,53,377,366,166,22100,,20,168,70.772696,10
53080,53,114,127,69.728155,20910,,2.213592,44.271845,26.416638,7
53082,53,633,640,240.782498,24840,,19.952997,319.762025,51.764193,15
53083,53,808,902,382.891103,23610,,27.53203,352.572007,138.303728,26
53084,53,4415,4513,2101,24560,13,150,1703,3081.830011,210
53085,53,197,193,84.283505,26950,,11.170103,87.329897,11.056951,3
53086,53,633,692,270.572543,24570,,18.001896,310.939466,138.945098,24
53087,53,226,216,95.208511,26420,,7.693617,113.480851,37.346104,9
53088,53,853,890,386.059482,24090,,20.595566,410.254435,154.729851,27
53089,53,533,490,229.314496,24440,,14.714729,258.207822,45.580523,15
53090,53,184,158,72.082474,26970,,4.742268,95.793814,23.069103,6
53091,53,461,484,225.521568,24520,,20.549441,227.864433,268.430494,21
53093,53,288,285,143,21980,,4,111,35.733863,3
53094,53,2278,2249,930.965619,26100,,62.634568,1092.623234,409.226843,60
53096,53,5511,5731,2600,24330,10,147,2292,2835.72054,220
53097,53,8380,8757,3911.301632,24550,13,287.12477,3417.608493,5298.817851,281
53098,53,423,439,171.85944,24250,,3.995607,194.947638,61.414803,15
53099,53,1096,1067,438.988203,27590,,21.018622,532.614699,142.801864,23
53100,53,1186,1228,582.827957,23500,,35.372139,403.773792,346.259997,44
53101,53,838,829,328.201445,24910,,36.246896,419.926774,139.339248,12
53102,53,166,162,79.478788,23360,,9.054545,88.533333,16.103531,6
53103,53,2127,2131,854.233533,25680,,49.396287,1009.564743,646.035095,43
53104,53,1351,1328,541,25380,,38,688,213.545107,30
53105,53,238,229,93.331782,26980,,6.765911,141.119452,17.68536,5
53106,53,541,526,250,22980,,17,255,99.233612,14
53107,53,2475,2592,1244.39687,22790,,85.770838,894.279265,1977.769803,130
53108,53,570,532,224.744731,24770,,15.713403,302.395685,372.284283,27
53109,53,626,623,255.033862,25740,,16.88027,308.494425,65.884634,14
53110,53,977,1017,426.029081,23710,,38.095223,473.060221,385.615102,39
53111,53,466,479,198.289961,25380,,11.794367,222.912578,59.762438,16
53112,53,343,398,167,22120,,12,154,75.88435,15
53113,53,625,608,260,24570,,20,273,112.800614,18
53114,53,172,202,96,22320,,5,74,9.040232,1
53115,53,305,311,134.619538,23790,,0.902404,128.876517,60.470095,7
53116,53,721,756,297.231792,24300,,13.977202,331.493275,211.988719,29
53117,53,496,486,189.424211,25630,,10.9338,254.747556,55.238979,11
53118,53,228,257,106.168666,22210,,0.974958,101.101009,28.006353,8
53119,53,4554,4213,1949.627671,27360,,116.959916,2052.790865,584.927732,77
53120,53,458,472,211.493165,24920,,19.126154,191.240347,76.885759,16
53121,53,1343,1391,623.121439,23870,,38.335282,547.401627,917.701849,60
53122,53,756,727,330.009077,25500,,16.553264,359.184974,125.847229,20
53123,53,1332,1456,592,24540,,29,618,255.762662,35
53124,53,1392,1435,525.798396,24910,,41.377732,727.721896,278.805419,44
53125,53,1100,1147,503,23290,,41,443,482.500992,36
53126,53,1012,1107,452,23990,,23,455,192.697903,33
53127,53,2243,2293,997.944932,25190,,54.933184,907.384781,1017.067129,114
53128,53,322,350,134,24190,,7,143,51.615911,14
53129,53,358,386,141,26160,,5,184,36.925568,8
53130,53,49474,49492,25949.46591,24120,20.3,2851.563341,22203.512878,36196.474479,2292
53131,53,184,194,92.513966,24470,,5.139665,86.346369,40.251198,7
53132,53,274,303,124.427345,25530,,9.347196,130.377339,74.522496,13
53133,53,710,761,347.299052,22580,,22.474648,299.669344,88.460402,11
53134,53,187,148,69.994413,24700,,4.178771,82.530726,18.586192,3
53135,53,728,750,284.824581,25660,,17.921236,355.517006,121.061787,19
53136,53,1227,1165,474.422848,27030,,20.827888,647.421398,147.039038,20
53137,53,2724,2640,1067,26550,,55,1396,592.30817,68
53139,53,410,404,183,23510,,13,191,50.057869,12
53140,53,4345,4228,1885,26750,,109,1999,1943.693825,121
53141,53,1182,1137,419.034693,26550,,33.795606,594.246819,119.811123,22
53142,53,284,310,144.468475,25520,,5.043527,127.024261,48.518402,10
53143,53,510,523,192,26710,,10,264,48.98736,11
53144,53,750,816,324.961497,25420,,19.703059,374.013788,205.779371,20
53145,53,543,549,219.158921,25050,,9.016738,286.093541,68.215332,15
53146,53,1884,1830,744,27080,,37,893,608.615085,54
53147,53,12854,12893,6532.265035,24830,15,577.739076,5252.553044,10637.423682,556
53148,53,230,221,84.469027,23760,,6.106195,123.141593,55.781928,10
53150,53,907,963,391.99571,26600,,27.081119,460.334685,144.065612,26
53151,53,1075,1091,404.629846,24570,,26.229839,522.785146,260.905227,26
53152,53,2784,2908,1335.814221,23330,,103.86264,1134.648174,1391.163375,122
53153,53,625,672,271.752898,24880,,13.730698,322.025859,73.67115,11
53154,53,883,906,374,24040,,23,369,278.568337,32
53155,53,1307,1363,561,25320,,35,627,238.875716,34
53156,53,250,255,102.192068,27530,,7.267108,138.851405,70.347222,10
53157,53,1342,1255,535.96092,27480,,36.887419,701.777193,118.729742,22
53158,53,1030,1025,420,25180,,29,529,143.472493,32
53160,53,374,377,170.100685,24270,,10.012881,183.440019,73.044425,14
53161,53,3192,3272,1391.343215,24680,,77.738838,1435.74955,1083.194715,104
53162,53,977,959,463,27330,,24,446,119.054625,20
53163,53,757,768,299.898895,24060,,24.797463,373.324857,178.518452,14
53164,53,345,347,179.953754,23570,,11.082071,159.487242,118.044991,14
53165,53,347,345,142.023145,27460,,8.031372,151.258115,22.157764,1
53168,53,1250,1217,525,25200,,36,646,213.354994,28
53169,53,406,417,165.081622,26280,,8.902292,191.86936,29.55345,8
53170,53,1124,1193,488.22382,25420,,35.776775,527.091847,153.975267,25
53172,53,394,422,161.64283,27690,,13.18831,226.295234,35.402291,9
53173,53,177,199,73.342541,25010,,7.823204,86.055249,36.437475,4
53174,53,841,846,327.33313,26960,,16.086345,400.336111,253.297177,20
53175,53,1384,1335,540.173026,27440,,27.28553,717.611834,266.468636,29
53176,53,522,546,214,24150,,17,225,101.109465,17
53177,53,296,355,130.882917,24750,,11.590694,134.398927,87.013281,11
53178,53,228,228,89.722222,26730,,3.166667,137.222222,45.348038,9
53179,53,354,334,142.909156,24670,,10.284935,174.168349,53.263987,7
53180,53,659,661,261.763393,25530,,17.706134,355.41857,136.035958,31
53181,53,808,848,352.672366,23480,,10.006407,239.44751,515.675764,28
53182,53,1816,1817,828.482602,24100,,54.665625,887.724595,692.538935,36
53184,53,161,167,57,28640,,2,83,42.877379,6
53185,53,2300,2343,1079.545356,23140,,104.409199,932.74487,840.236984,89
53186,53,2141,2175,904.806833,24480,,61.599303,1002.094483,464.61214,73
53187,53,230,233,107.329845,25070,,5.810122,111.862198,19.832185,7
53188,53,2506,2529,1187.443301,23090,,109.115846,947.446217,1143.506639,56
53189,53,111,109,51,25370,,5,62,20.083516,6
53190,53,464,458,205.100209,23970,,19.80482,208.13617,71.190202,14
53191,53,250,244,105.563439,22560,,9.296863,129.915185,34.011802,8
53192,53,311,333,125.64507,22110,,6.811276,138.63747,55.768341,6
53193,53,575,564,229.135924,26060,,23.397463,316.48947,77.565768,9
53195,53,484,497,173.329306,27430,,12.269106,265.640515,57.668339,9
53196,53,350,374,170.942367,24210,,13.079202,158.242541,79.425598,16
53197,53,934,893,391.185646,22440,,25.443249,353.069657,253.49726,37
53198,53,223,245,107.14472,23780,,3.93949,90.243881,28.478142,6
53199,53,212,218,100.198053,23360,,7.790759,90.560008,35.265167,4
53200,53,1181,1130,476.157709,27620,,24.810752,581.659717,71.951997,14
53201,53,7384,7344,3393.51408,26720,10,267.385157,3215.69156,5217.500327,476
53202,53,294,344,144.395777,24170,,10.496439,126.630967,142.677603,14
53203,53,524,529,218.278373,24760,,22.983862,263.976082,23.061964,6
53204,53,399,386,171.533261,24750,,12.314479,182.358015,38.196908,8
53206,53,219,209,93.857143,26530,,10.428571,114.714286,23.062741,4
53208,53,502,488,219,24350,,15,215,51.97326,10
53209,53,559,536,226.454105,26170,,12.115272,290.168071,72.231027,13
53210,53,1512,1557,639.382327,24730,,54.695851,671.66819,349.721415,38
53211,53,1440,1548,653.259341,24620,,46.489983,645.69925,392.479064,54
53212,53,456,428,179.924645,27900,,9.553633,255.7659,45.06112,8
53213,53,496,524,216.642637,22430,,8.438797,229.56257,69.952926,11
53214,53,154,174,67.079755,24840,,3.779141,85.030675,27.948061,5
53216,53,946,1001,381.742673,25120,,21.83717,446.255421,211.552667,20
53218,53,770,877,352.354273,25000,,20.018783,388.851606,129.900148,23
53219,53,1381,1432,616.198873,26250,,29.817575,675.541359,197.974222,38
53220,53,378,418,136.226775,25020,,10.26314,187.809575,41.714233,8
53221,53,394,382,162.025513,23240,,14.130192,166.531554,45.170929,10
53222,53,365,400,136.094439,25040,,7.003809,170.014585,45.48273,5
53223,53,329,362,171.555125,22500,,11.008851,144.992249,74.450545,16
53224,53,1179,1158,433.261366,26630,,30.047825,641.978008,109.589393,16
53225,53,513,488,189.761243,25200,,19.086155,269.898832,60.673236,13
53226,53,808,851,315.120238,25350,,28.794405,405.959813,110.331358,22
53228,53,556,616,241.953596,23890,,20.772341,253.685386,98.392341,16
53229,53,1689,1653,650.717988,28550,,38.859915,867.389064,140.728918,25
53230,53,257,238,117,24340,,6,123,29.063097,6
53232,53,323,304,119.857878,24850,,16.287845,162.978768,28.211801,10
53233,53,335,376,141.68833,23420,,9.984641,157.037108,45.74453,9
53234,53,321,362,140,26260,,11,153,26.002247,8
53235,53,228,212,105.571268,24010,,8.055247,87.532129,28.04591,8
53236,53,166,161,88.253165,22860,,7.35443,73.544304,22.871501,9
53237,53,440,472,194.595445,23740,,11.782872,191.289984,69.853896,13
53238,53,521,553,255.512325,24400,,16.87951,234.187124,85.20848,14
53240,53,425,443,193.938601,23970,,8.839826,200.166113,34.215599,10
53242,53,255,263,97.848837,26100,,8.895349,120.581395,53.613877,8
53243,53,1782,1746,718,26650,,42,915,316.683599,41
53245,53,927,942,394.822405,24850,,32.221725,461.633557,351.25947,40
53246,53,1761,1993,849.424427,24420,,67.159697,774.994714,270.603019,40
53247,53,2313,2153,963.626189,25620,,55.648719,1084.179584,654.653136,50
53248,53,132,141,63.171429,23290,,6.6,69.771429,32.499338,5
53249,53,1107,1118,525.029765,23440,,39.640809,474.464184,197.017756,42
53250,53,391,404,177.259191,23510,,12.125573,201.15461,39.331228,10
53251,53,475,420,172.626292,25640,,14.287091,234.084632,67.096278,16
53253,53,518,508,185.154104,22690,,19.961575,218.5017,324.56129,10
53255,53,1197,1314,585,25270,,27,559,229.421109,32
53256,53,162,191,87.593023,25070,,7.534884,63.104651,47.924743,10
53257,53,328,313,119.68056,25280,,13.548745,136.866141,96.928105,18
53258,53,901,956,347.070775,25120,,28.39888,400.372599,438.672575,36
53259,53,376,349,181.944794,23580,,12.499899,226.305151,138.279393,23
53260,53,386,443,148.137749,24650,,9.743735,203.999349,228.168166,15
53261,53,149,165,72.892086,24920,,4.28777,73.964029,20.294964,7
53262,53,1060,1087,418,25000,,25,514,242.680004,31
53263,53,270,292,135.210209,23970,,5.110808,116.306017,33.844995,9
53264,53,190,196,78.350515,23070,,13.71134,88.14433,59.00406,7
53265,53,770,756,321.517068,23840,,25.501639,354.014413,116.168163,16
53266,53,227,235,97,25190,,7,110,47.665252,4
53267,53,1164,1160,479.910858,24120,,46.949019,536.54949,470.711387,60
53269,53,612,592,244.163954,24410,,16.220586,291.407937,115.102769,21
53270,53,110,127,50.695652,25040,,1.913043,47.826087,19.181403,3
53271,53,2682,2855,1349.678476,23640,,127.133642,981.839751,1879.233059,111
53272,53,192,173,87.178378,21900,,11.416216,81.989189,21.773859,6
53273,53,1080,1135,435.410571,26060,,26.222456,578.800085,232.573569,34
53276,53,905,911,382.04743,23090,,24.615887,413.817706,320.859715,17
72001,72,1681,1631,655,27990,,48,825,194.803511,26
72002,72,199,219,88,24850,,6,87,12.108617,5
72003,72,10740,11102,4657.931117,20890,27,758.801015,4093.699957,6813.38621,239
72004,72,569,563,218,26440,,23,301,45.106267,12
72005,72,917,961,394.983377,24560,,22.01926,398.532874,147.336011,17
72006,72,1897,1841,841,26810,,48,810,1145.763597,123
72007,72,499,480,201.374267,26570,,16.956435,237.122527,205.94688,10
72008,72,5463,5251,2431.667601,25890,11,178.128473,2245.498731,3635.029751,235
72009,72,351,407,135.023818,24400,,16.708522,180.298876,24.592894,5
72010,72,337,405,168,25320,,11,177,36.894477,8
72011,72,898,916,385.876251,24120,,38.688102,414.257384,106.994496,21
72012,72,478,522,204.432601,25870,,10.689948,231.259407,56.333046,13
72013,72,2131,2125,1005.585097,23090,,95.88447,905.036834,475.225417,42
72015,72,107,119,46.929825,24770,,5.631579,45.052632,24.139756,3
72016,72,1458,1490,586.78685,24330,,44.537222,670.571442,215.29509,31
72017,72,229,245,87.849138,27200,,4.935345,119.435345,31.48333,9
72018,72,88,89,43.102041,,,1.795918,42.204082,11.104817,2
72019,72,335,370,137,25580,,9,185,54.224361,14
72020,72,692,737,300.104264,25880,,30.378314,348.756155,79.257912,15
72021,72,572,626,268.623133,24350,,34.130067,306.397009,78.44873,13
72022,72,1217,1243,473.942113,23910,,55.148515,578.454662,1283.940729,36
72023,72,2270,2211,970.232605,24620,,71.190924,1076.401388,553.28097,51
72024,72,3748,3657,1597.042199,28010,,80.065559,1747.788718,779.267953,82
72025,72,1946,2075,861.508459,25020,,71.853779,961.010697,285.906596,42
72026,72,1523,1484,646.206743,26320,,53.455791,719.299735,165.234167,24
72027,72,329,333,164,25140,,11,159,41.827037,6
72028,72,476,483,196.871481,24810,,25.527564,226.791838,84.383649,18
72029,72,1974,1957,963.315008,23110,,112.240963,754.459132,807.621337,73
72031,72,543,528,207.032027,24620,,24.693754,292.23355,109.76735,15
72032,72,334,333,154.657868,25250,,19.016225,174.376702,26.888572,6
72034,72,434,453,182.810976,28460,,6.962831,199.661195,90.928692,13
72035,72,2025,2222,1042.206799,24030,,148.309008,749.787391,666.635215,58
72036,72,306,337,127.62611,25350,,7.894606,138.183845,16.485045,6
72037,72,129,97,58.05,23500,,9.675,59.125,4.212313,1
72038,72,534,626,232.85784,24980,,20.490932,263.800553,146.100673,7
72039,72,3721,3869,1786.516964,23060,,150.846801,1452.684104,1330.888214,90
72040,72,153,135,62.6875,22850,,9.5625,77.5625,13.75,5
72041,72,352,324,130.896963,25620,,4.056776,187.809514,36.119583,11
72042,72,2121,2068,994,24280,,90,875,775.869474,86
72043,72,335,316,148.892569,25970,,12.345961,150.60265,13.516248,3
72044,72,431,439,166.975843,24940,,11.003213,216.571081,56.489602,9
72045,72,781,812,285.462235,26420,,25.40779,403.393306,48.608452,9
72046,72,1562,1541,660.49281,24720,,49.189646,781.372113,256.234292,23
72047,72,2127,2148,809.778159,26250,,54.004656,1047.16161,253.112545,28
72048,72,537,556,210.771849,25290,,15.677541,283.447033,59.374099,8
72049,72,250,246,103.852983,22810,,4.031751,105.842103,42.387095,13
72050,72,1525,1609,722.546408,24140,,56.853699,666.123504,1485.472225,79
72051,72,3365,3372,1390.525983,26370,,102.482304,1673.721416,633.348619,83
72052,72,668,701,332.898198,26200,,20.399639,217.005471,103.461539,14
72053,72,1161,1220,499,26330,,28,564,228.44545,13
72054,72,3680,3857,1367.293949,25470,,167.746835,1845.410423,3905.084228,111
72056,72,1303,1373,530.050093,25700,,41.570909,567.573796,145.013576,15
72057,72,68,68,31.166667,,,0.944444,40.611111,8.555556,0
72058,72,6803,6463,2771,28860,7,175,3058,1864.180655,183
72059,72,816,859,365.328848,24720,,33.631037,410.946501,144.090715,36
72060,72,282,269,132,22860,,21,121,32.914229,7
72061,72,1725,1691,699.953907,24860,,70.904852,897.885894,253.929929,24
72062,72,779,879,348,25730,,25,415,174.610521,22
72064,72,517,545,237.423717,26080,,27.056395,229.493361,57.660177,16
72065,72,2252,2389,1009.200743,29750,,58.042491,928.500847,2385.781668,287
72066,72,421,454,170.021263,27040,,6.920903,198.405078,14.71805,4
72067,72,998,975,400,25130,,33,524,112.282939,15
72068,72,1370,1440,700.300213,23120,,83.750561,466.928947,961.205781,78
72070,72,250,242,111.167746,24410,,10.991851,124.015576,11.651066,3
72071,72,5707,6160,2923,22730,21,292,2053,3164.714203,198
72072,72,255,263,97.617188,26170,,5.976562,129.492188,10.900092,4
72073,72,1164,1065,456.50428,27040,,47.65636,601.938928,103.255074,23
72074,72,213,210,99,26180,,4,95,12,4
72075,72,996,969,399.265522,26100,,25.754859,508.963017,102.187481,17
72076,72,259,226,91.348548,27170,,6.448133,120.365145,6.099973,1
72077,72,436,431,198.832674,24150,,22.24252,182.775838,262.893276,16
72078,72,353,368,158.902833,23620,,9.026477,159.834035,143.751753,15
72079,72,308,307,126.834052,25730,,4.022912,147.886811,22.73519,5
72080,72,2746,2685,1188.971616,26610,,72.087697,1139.165536,2789.735326,101
72083,72,357,410,140.857364,26050,,15.166216,189.14538,44.940558,10
72084,72,1276,1266,546.363496,25500,,48.118222,614.038591,141.119383,18
72085,72,177,194,93.896341,25690,,5.396341,99.292683,31.7256,6
72086,72,138,134,56,27210,,12,63,13.085519,3
72087,72,460,529,220.932199,26120,,13.433469,204.715008,59.817989,16
72088,72,320,348,138.003548,25140,,17.544468,193.15202,61.474318,9
72089,72,1828,1878,896.690594,24300,,84.845022,728.816374,683.97056,72
72090,72,2838,2900,1384.058858,24270,,93.769614,1262.133647,1415.064874,95
72091,72,135,142,66,25150,,3,65,18.05298,4
72093,72,886,911,394,26650,,29,450,101.036351,19
72094,72,638,619,294,23620,,24,290,64.809858,14
72095,72,8049,7447,3388.387306,21320,28,734.342574,3148.498507,2413.503773,139
72096,72,1619,1643,604,27030,,27,761,565.192357,45
72098,72,512,527,234,24070,,27,242,44.487642,10
72099,72,641,636,247.764927,25210,,23.920003,337.153482,59.522681,10
72100,72,403,410,164.860464,24400,,11.470947,222.573537,48.140063,13
72101,72,670,683,269.025503,24290,,26.846646,373.993798,77.448551,16
72102,72,83,95,44,,,5,49,8.925195,2
72103,72,614,608,297.632012,23660,,41.173411,271.145036,96.022812,21
72104,72,585,582,254,23220,,23,279,96.437467,10
72105,72,460,501,203,28090,,13,216,38.16686,7
72106,72,910,933,342.66308,26580,,15.182028,477.034533,75.257781,8
72107,72,341,352,147,27990,,8,189,29.062995,8
72109,72,544,604,226.671427,25610,,21.641811,266.148696,61.829099,12
72110,72,993,1044,391.904117,24520,,34.778831,535.851775,212.587466,24
72111,72,490,494,193,26630,,17,262,41.734974,12
72112,72,482,478,203.015242,23670,,25.607007,228.427324,55.579101,20
72113,72,746,795,288.954897,28160,,11.989734,370.343374,66.612008,15
72114,72,250,271,107.333422,25820,,9.18496,126.99374,26.737002,12
72115,72,942,942,428.951389,24280,,24.77334,427.585381,166.560074,26
72118,72,1433,1483,655.357778,24670,,72.338512,662.269187,183.970946,31
72119,72,1062,1027,445.107524,28120,,24.668011,552.144461,115.697374,14
72120,72,225,250,87,25660,,14,128,22.059044,7
72121,72,318,333,138.985762,25090,,14.902919,148.295533,39.857068,10
72122,72,1076,1047,452.652934,25760,,23.715678,509.202404,72.199066,16
72123,72,61,71,27,,,3,29,3,1
72124,72,4818,4632,2241.750576,24770,11,225.001893,2126.719719,1510.032195,143
72125,72,304,295,121.819883,24740,,5.339177,143.872383,63.66606,10
72126,72,290,301,122.144487,24330,,13.258532,143.21722,41.189745,11
72127,72,1852,1948,806,27840,,55,848,122.89401,16
72128,72,526,526,254.292827,24390,,26.018507,244.546586,58.095387,10
72129,72,905,841,344.933382,26830,,25.383772,487.962954,84.595465,14
72130,72,736,643,271.645442,29030,,16.402298,377.61448,58.359837,13
72131,72,577,588,242.166261,25100,,20.241576,282.609239,56.49939,10
72132,72,8769,8848,4490.076857,23720,18,487.004059,3601.649097,6316.148397,401
72133,72,1543,1510,605,28910,,43,799,134.737522,22
72134,72,525,543,235.593618,24260,,30.276246,259.260218,57.756181,12
72135,72,600,621,231.752232,24670,,19.897477,283.499391,65.105882,6
72136,72,309,327,128.279919,26510,,13.141015,176.167124,47.72516,8
72137,72,2189,2220,934.078306,26010,,63.004035,992.764803,258.906687,36
72138,72,2909,3026,1407.487208,23250,,151.229227,1123.168896,1053.196197,104
72139,72,995,1004,419.737003,24100,,36.436328,468.640221,162.923151,25
72141,72,889,967,388.362952,25040,,44.593096,456.769333,64.767559,16
72142,72,141,160,68.568493,23940,,8.691781,73.39726,21.666728,6
72143,72,1941,1920,810.715515,23840,,88.805795,763.804813,931.206292,64
72144,72,339,334,164.764298,23710,,15.109056,142.949594,35.518224,11
72145,72,384,394,173,23830,,18,171,28.265514,10
72146,72,3200,3015,1268,27470,,61,1457,320.130201,56
72147,72,1285,1082,519,26700,,44,678,96.330777,24
72148,72,80,85,33,,,3,39,19.839602,5
72149,72,597,654,241.917593,25210,,21.72241,297.01843,180.40804,24
72150,72,1275,1286,498,27340,,28,653,201.253729,36
72151,72,1142,1156,499.079059,25320,,40.452821,559.109203,129.26827,21
72152,72,412,474,188.306218,26330,,9.353069,162.051002,42.573675,5
72153,72,552,572,264.34641,22820,,44.696149,257.307752,82.636012,15
72154,72,15081,15163,7268.418283,24300,16,837.426409,6381.409536,7623.587448,555
72155,72,4260,4479,1801.37158,27340,,115.281593,1971.721999,653.368106,80
72156,72,920,970,390.901837,25110,,41.491338,486.989993,134.236858,14
72157,72,695,737,296.957803,28000,,23.844496,341.535582,19.647529,7
72158,72,817,847,356.415715,24280,,38.757351,401.653813,89.504033,19
72160,72,585,606,247,25400,,24,287,105.437006,13
72161,72,938,903,473,24260,,38,377,115.728067,16
72163,72,484,510,192.826512,25590,,23.549461,253.123752,60.882105,9
72164,72,65,70,26.825397,,,0,31.984127,4.126984,1
72165,72,1937,1917,814.873633,26120,,60.611738,912.029138,147.248749,19
72166,72,295,331,128.79413,25470,,9.219563,158.363712,37.475498,10
72167,72,703,732,260.991744,25990,,14.722282,382.76467,249.466521,20
72168,72,2100,2185,1002.023384,23680,,73.282705,883.367256,1291.960071,74
72169,72,1496,1467,597.770849,27340,,35.959873,776.879088,169.66837,30
72170,72,175,182,80.617978,22920,,8.848315,86.516854,23.820164,8
72171,72,104,101,59,,,4,41,9.068634,4
72172,72,1454,1445,621.746684,24680,,47.892172,680.930182,251.604682,30
72173,72,1233,1234,536.314339,25610,,41.625775,516.62596,626.333176,42
72174,72,105,107,51.527778,,,6.805556,58.333333,15.856254,7
72175,72,1524,1568,730.940521,24070,,50.53023,649.08066,461.756805,48
72176,72,4016,4344,1984.663302,22820,17,186.108627,1528.219317,1512.437723,157
72177,72,336,349,138.170658,25040,,11.627695,185.921139,178.723451,8
72178,72,197,191,75.467662,22890,,8.820896,91.149254,25.73332,7
72179,72,1881,1916,897.918499,22980,,96.992807,848.127753,334.23248,40
72180,72,5080,5311,2556.248956,21870,23,361.379033,1877.483401,2814.280842,199
72181,72,145182,142991,73588.3029,23610,22.9,10671.357308,64782.260467,85354.708535,4806
72182,72,1550,1574,670.134872,24440,,48.680894,717.630753,360.831138,36
72183,72,1063,1050,473.616964,23230,,52.599074,466.452236,184.800628,34
72184,72,346,381,154,26440,,10,170,131.513701,21
72185,72,658,662,274,24610,,29,323,50.943811,8
72186,72,879,894,373.922858,24910,,26.211355,415.334192,336.587093,32
72187,72,1618,1665,686.013084,24200,,60.508281,767.207884,261.850292,22
72188,72,159,150,68.443709,26270,,5.264901,70.549669,4.132625,3
72189,72,2038,2210,987.668855,22490,,97.328057,785.49156,1252.189167,80
72190,72,287,278,135,26770,,11,136,93.017959,9
72191,72,3186,3140,1458,24330,,95,1335,855.939711,67
72192,72,105,103,53,24730,,1,48,13.904718,2
72193,72,446,441,208.476233,25940,,7.615632,200.719151,56.598134,14
72194,72,272,267,105.326427,23940,,9.876032,140.373236,29.549474,7
72195,72,1853,1908,753.690587,25110,,80.277939,920.751714,173.446749,27
72196,72,735,693,300.877685,24280,,34.14114,364.436624,211.346845,13
72197,72,679,702,263.714653,25340,,18.967839,352.724296,54.730489,11
72198,72,2631,2652,1106.545414,29340,,75.916352,1258.023117,515.753782,65
72199,72,266,256,106.490094,26090,,8.956989,125.096261,20.308722,14
72200,72,3699,3656,1482.703935,26990,,111.347389,1768.521386,551.435797,79
72201,72,234,258,104.482168,23150,,9.720765,115.757375,28.388672,5
72202,72,207,212,91.892523,23580,,2.901869,110.271028,16.612814,7
72204,72,517,548,223.575151,25280,,31.178176,245.329001,76.586538,21
72205,72,1833,1812,718.242141,25750,,45.19715,911.953942,296.859725,33
72208,72,369,403,158.846437,25160,,12.056806,150.53937,177.930383,28
72209,72,313,302,136.539566,23670,,14.772459,160.57791,31.01748,8
72210,72,299,311,125.854082,24850,,21.017572,144.491037,36.561468,8
72211,72,633,643,280,22740,,29,309,98.626768,22
72212,72,697,702,303.462495,23920,,29.988599,340.089122,93.935624,15
72213,72,5299,5279,2217.225047,25520,,267.530975,2323.254629,1600.056759,112
72214,72,12,11,5,,,0,5,2,1
72215,72,1023,1029,420.834229,24270,,31.329365,466.182421,151.543869,22
72216,72,593,591,220.918027,24970,,18.486104,315.948452,82.800639,12
72217,72,2463,2402,1046.549797,29610,,68.956688,1119.822445,675.437891,70
72218,72,302,299,127.854998,25420,,14.376982,154.583023,21.72664,5
72219,72,768,861,312,26080,,27,400,173.975604,29
72220,72,876,930,376.356998,24550,,22.386113,379.69996,123.952213,12
72221,72,361,377,170.37226,23270,,29.82339,163.941292,24.138933,7
72222,72,255,284,111.652382,24770,,12.453348,116.562458,27.549584,7
72223,72,2585,2633,1211.770209,24530,,84.775361,1200.896586,673.200238,78
72224,72,529,535,204.551074,25250,,13.021738,252.638989,34.814315,6
72225,72,671,665,278.201262,24730,,28.126084,329.069766,123.113577,16
72226,72,1325,1320,509,25420,,46,692,153.451876,22
72227,72,33,40,13,,,1,20,13.077321,4
72228,72,1998,2118,854.160605,25950,,51.981547,940.582243,430.070722,45
72229,72,449,526,201.396832,22340,,17.904765,203.534499,56.724029,8
72230,72,1038,1088,416.68604,27060,,35.781721,530.025974,87.337134,16
72231,72,5367,4999,2121.188959,26780,,134.049632,2451.0292,1615.429849,101
72232,72,707,637,243,26150,,33,399,32.838567,5
72233,72,71,63,31,,,3,34,3.002192,1
72234,72,346,374,164,24520,,15,169,23.789874,7
72235,72,373,381,169.677325,23660,,13.206565,187.414814,85.001831,17
72236,72,191,195,82,29700,,8,90,11.740721,5
72237,72,505,520,195.19161,25230,,14.604096,260.862082,31.354082,7
72238,72,74,77,32.131579,,,1.947368,35.052632,15.736529,1
72239,72,597,609,241.78785,26150,,26.615872,312.794445,87.153949,20
72241,72,2928,2988,1331.219409,25880,,97.783112,1358.911775,816.232513,87
72243,72,1614,1697,633,24430,,57,718,414.004084,34
72244,72,2900,2981,1265.218086,25340,,96.779048,1409.197865,919.896798,53
72245,72,669,686,263.817026,24390,,18.671871,320.683136,68.706807,7
72246,72,193,219,87.46798,25310,,5.704433,107.433498,14.365519,3
72247,72,1333,1324,539.309591,29410,,42.187148,633.249642,289.373884,27
72248,72,808,822,357.053615,24110,,31.173726,406.945056,93.356884,16
72249,72,805,784,325.060406,26710,,14.592991,444.37269,79.345235,13
72250,72,160,174,68.982036,26740,,8.622754,80.479042,27.156338,7
72251,72,390,377,163.555172,25670,,12.844494,195.653278,39.141881,8
72252,72,1108,1210,486.761128,24300,,57.16197,526.970085,218.664768,28
72253,72,2546,2615,1015.59226,27540,,95.369848,1217.562453,880.302705,74
72254,72,263,278,119.86099,25030,,9.02996,124.483311,14.929258,9
72255,72,791,819,341.445679,23740,,49.169595,347.456163,77.688238,16
72256,72,808,775,335,23950,,31,361,93.661987,20
72257,72,2352,2282,969.487342,32460,,43.432026,984.295756,693.828931,72
72259,72,270,296,122.073606,25880,,10.922328,140.02008,36.122179,14
72260,72,3492,3402,1405,27920,,98,1489,1530.817277,181
72261,72,301,339,132.272033,27010,,6.686665,179.450571,46.311111,9
72262,72,2052,2175,921,24130,,75,758,487.616176,70
72264,72,12194,12350,5762.878029,21680,23,844.127258,5281.025855,12367.058317,441
72265,72,246,263,114.312445,22280,,9.065698,118.770851,24.207371,9
72266,72,764,669,333.460107,25590,,45.093201,332.984375,68.827976,14
72267,72,916,913,371.989315,25670,,36.190191,466.134343,84.045616,18
72268,72,709,722,277.108914,24930,,28.353528,346.162558,35.557399,3
72269,72,2969,3248,1482,23240,,143,1039,1776.926833,129
72270,72,185,178,78.547486,26880,,0,73.379888,24.267628,4
72271,72,881,889,342,24600,,31,481,68.40074,10
72272,72,326,317,153.447704,24680,,7.458636,163.444299,43.77213,5
72273,72,231,228,98,24640,,15,109,12.918757,4
72274,72,214,205,88.348624,25500,,7.853211,108.963303,22.750232,8
72275,72,1517,1404,563,27190,,32,801,150.065417,24
72276,72,1884,1997,931.921744,24020,,82.634286,815.128609,884.919637,47
72277,72,113,118,55,26450,,1,57,12.000384,1
72278,72,750,812,347.590372,23170,,34.558798,327.489465,250.707545,24
72279,72,171,158,88.80663,23220,,8.502762,73.690608,24.139244,5
72280,72,2228,2100,904.61346,28730,,56.737706,1025.347226,225.666208,24
72281,72,450,438,195.932972,24510,,29.216353,210.422779,44.852985,10
72282,72,519,532,244,22970,,19,220,74.349825,17
72283,72,346,338,143.159356,22590,,30.997477,159.971059,71.671559,16
72286,72,392,399,163.713569,26070,,14.20134,186.490463,35.365494,5
72287,72,,,,,,,,,
72289,72,1964,2065,871,25660,,65,922,613.639227,52
72290,72,1810,1739,691.33022,25430,,59.421304,979.286807,153.104271,23
72291,72,955,960,405,23600,,42,443,107.958987,20
72292,72,225,254,100.682748,27420,,3.010494,108.050119,50.227721,4
72293,72,612,631,218.9124,25970,,16.727064,284.907664,78.038733,5
72294,72,474,472,229.160643,24870,,39.221722,243.56024,94.384647,24
72295,72,511,504,224,26210,,9,196,156.585929,15
72296,72,741,730,315.839964,25700,,19.95046,372.387753,165.560712,9
72297,72,536,552,228.200113,25440,,10.018359,268.388035,45.850791,8
72298,72,,,,,,,,,
72299,72,2471,2408,950.237519,25350,,102.869299,1215.27811,276.998336,33
72300,72,2712,2686,1126.247808,26070,,119.588571,1330.612334,556.996825,63
72302,72,172,182,75.191257,26460,,5.639344,79.89071,8.599036,3
72303,72,740,740,332.903635,23830,,40.332134,356.281239,102.845635,17
72305,72,914,1021,407.353998,24310,,35.600738,408.421895,143.197665,21
72306,72,1325,1292,506.870571,26370,,44.078502,657.323821,95.48486,18
72307,72,238,239,91.383966,26650,,7.029536,123.518987,12.046414,3
72308,72,2090,2129,936.68948,26480,,73.228226,911.062932,451.373598,41
72309,72,276,290,137.665237,24040,,14.614727,142.515375,31.508974,4
72310,72,2002,1928,817.677619,31410,,43.986406,835.654185,563.21885,67
72311,72,339,365,170.845625,22090,,16.640911,159.48377,29.655728,6
72312,72,225,237,90,24380,,6.27907,115.116279,20.589676,7
72313,72,212,226,93.650485,26140,,4.116505,98.796117,10.234124,2
72314,72,363,377,153.006258,24020,,19.846045,159.449353,69.169568,11
72315,72,832,838,383.18767,24430,,43.574079,365.90968,118.445314,15
72316,72,705,689,306,24150,,22,314,116.921684,17
72317,72,498,518,247,24670,,12,220,60.834853,14
72319,72,729,773,301.179214,26210,,26.991984,379.23427,58.879934,13
72320,72,2773,2510,1004.510653,30250,,64.273151,1218.107146,1818.294653,175
72321,72,499,582,227.315227,25700,,18.242727,259.141735,132.824571,10
72322,72,223,228,100.553026,27490,,10.00175,93.084264,37.368301,10
72323,72,438,455,184,25640,,15,225,42.61552,12
72324,72,503,519,203.819351,23910,,29.929384,255.92094,58.640429,9
72325,72,822,871,422.388247,24010,,32.940777,363.238058,162.038042,24
72326,72,218,211,90,25620,,7,105,15.009603,6
72327,72,268,298,118,25540,,10,128,32.872571,8
72328,72,3865,3575,1670,29840,,112,1596,1048.39822,126
72329,72,4042,4008,1767.933529,27980,,95.201909,1758.654547,810.606755,98
72330,72,447,430,185.843554,22110,,16.419501,224.931069,65.673112,14
72331,72,584,570,257.938711,24650,,28.729641,312.798728,514.224807,11
72332,72,599,602,261.025386,24390,,16.252207,272.9578,93.668142,16
72333,72,432,444,200.37109,23250,,25.377359,188.641339,246.242572,7
72334,72,2192,2312,1001.995641,22320,,141.789984,756.745941,1659.987432,112
72335,72,1080,1087,451.021418,26890,,40.182426,545.514042,100.566871,23
72336,72,1229,1190,546.06118,27470,,40.942761,483.255934,1117.485884,108
72337,72,832,903,403.560017,23240,,47.135635,378.009607,694.646569,18
72338,72,822,663,284.377945,27320,,26.551411,416.505268,45.480629,8
72339,72,646,693,269.170868,27920,,25.911091,310.487597,58.160273,8
72340,72,1237,1209,503,26330,,36,634,97.081015,13
72341,72,604,640,254.525508,27150,,15.4356,322.445132,153.539734,18
72342,72,160,178,74.730539,29690,,2.874251,80.479042,12.476997,6
72343,72,606,630,238,24430,,23,281,60.93789,16
72344,72,2821,2897,1192.791152,28110,,69.395026,1286.519976,1267.853241,74
72345,72,339,342,138.609089,26670,,10.921764,168.100686,16.710824,3
72346,72,4628,4462,2153.87512,25460,,138.627596,2135.815669,1634.766204,111
72347,72,289,324,116.437572,26050,,10.831892,147.438045,36.246825,8
72348,72,132,139,55.079137,23990,,7.597122,66.47482,6.647482,2
72349,72,521,489,217.789303,25830,,18.265718,273.603849,55.492364,9
72350,72,3043,3021,1235.007485,26590,,93.376411,1493.769149,425.562189,69
72351,72,1017,1080,419.160249,25010,,24.533319,454.744084,208.850486,34
72352,72,143,133,56.582734,23270,,3.086331,67.899281,11.28777,3
72353,72,215,216,87,27360,,5,106,33.207181,5
72354,72,165,165,71,24670,,6,86,26.702567,9
72355,72,119,86,41.537736,,,8.981132,65.113208,9.729916,1
72356,72,398,456,182.704561,23360,,17.167562,183.316887,56.424952,9
72357,72,741,721,302.65881,24570,,28.632112,361.71107,79.021977,23
72358,72,1653,1594,662.044955,24170,,86.397455,727.767142,629.270336,43
72359,72,1412,1397,547.518633,26270,,51.663702,712.092639,123.204002,20
72360,72,1639,1359,637,30000,,49,823,574.060043,42
72361,72,510,457,211.991058,23770,,28.138503,250.055329,67.964376,15
72362,72,169,158,65.611765,26470,,10.935294,95.435294,16.941627,3
72363,72,1669,1662,766.520733,24560,,71.090718,720.684937,664.767224,53
72364,72,1383,1518,694.898927,24520,,75.064021,615.018811,400.786639,42
72366,72,304,322,146,25300,,11,134,65.843545,13
72367,72,778,802,302.15172,24250,,29.130757,348.560224,99.490322,13
72368,72,287,325,156,25010,,10,112,44.838364,9
72369,72,586,619,241.6043,24500,,37.569541,302.225275,110.081817,15
72370,72,339,339,146.937594,22820,,15.674148,172.437992,95.236258,8
72372,72,77,75,34,,,2,35,3.898009,3
72373,72,2508,2576,1259.286623,24840,,79.189651,989.309058,1088.696913,101
72374,72,137,155,73.689394,24310,,6.227273,57.083333,18.318583,4
72375,72,517,559,233.208679,26050,,10.791144,264.292864,128.205863,16
72376,72,651,706,276,26210,,22,342,86.948989,19
72377,72,1035,1029,410,25490,,33,553,260.065567,37
72378,72,1383,1438,559,26070,,29,724,148.98048,33
72379,72,203,202,86,24660,,11,106,30.881386,10
72380,72,899,950,391,26080,,33,406,261.150219,23
72381,72,1350,1378,514.455103,26260,,38.226902,716.822709,737.402792,33
72382,72,1526,1482,613.51985,25580,,49.445841,746.532505,183.690388,30
72383,72,131,124,51.392308,27000,,7.053846,79.607692,16.178367,2
72385,72,1734,1763,743.554458,25590,,64.075373,885.572808,179.507801,23
72386,72,4187,4254,1801.9968,29910,,109.346756,1700.271763,1037.04859,92
85001,85,2808,2759,1557.154057,25770,,109.451272,770.90658,788.756217,165
85002,85,2207,1941,1004.771566,26180,,81.362133,990.838214,307.091375,66
85003,85,10218,9314,4215.024901,26220,7,396.299923,5051.304924,4360.21005,392
85004,85,2966,2785,1518.962024,25740,,162.136507,822.16517,494.07828,76
85005,85,1035,1058,437.55468,25310,,33.284301,442.054153,721.831277,47
85006,85,2028,1799,868.161453,24780,,86.212332,953.637264,572.453465,55
85008,85,7129,6430,2865.711636,26810,7,229.589854,3503.933645,1263.936314,164
85009,85,1118,1138,475,24350,,43,523,276.56574,17
85010,85,1408,1400,667.973598,25080,,55.257429,543.296478,236.911276,36
85011,85,1790,1752,941.50626,27310,,59.543888,598.70074,263.268044,58
85012,85,2356,2193,1243,25590,,90,901,553.05319,112
85013,85,1551,1393,612.756306,26070,,28.355426,847.780098,248.612433,26
85014,85,1161,1158,494.456617,24160,,48.084572,547.289671,184.426286,29
85015,85,1654,1505,625.172587,26120,,52.450736,839.988678,176.179286,35
85016,85,2366,2199,980.654241,26040,,75.443727,1201.993372,566.196807,66
85017,85,2406,2368,913.402022,25700,,54.80211,1249.186836,559.40431,58
85018,85,3955,3925,2025.818196,24610,,155.99247,1357.33103,1308.8023,149
85019,85,6239,5932,2540.892218,26810,,159.97314,3264.503599,2756.008346,193
85020,85,4059,4029,1717.479545,26570,,126.5885,1894.17063,1106.941386,91
85021,85,,,,,,,,,
85022,85,1320,1209,606,25030,,78,542,164.908728,28
85023,85,449,420,183.871675,25070,,12.134715,186.566678,66.049803,12
85024,85,2215,1991,931,25020,,82,1064,321.138223,39
85025,85,2295,2261,967.994741,25770,,64.341352,1241.153527,550.895799,70
85026,85,1465,1379,596.470677,24990,,69.5948,741.112245,546.196207,53
85028,85,595,584,242.404829,26280,,19.046219,300.234079,85.222579,11
85029,85,2169,2155,1008.407155,24540,,66.70078,890.80852,960.364726,138
85031,85,3170,3126,1359,24570,,69,1560,990.174036,83
85033,85,717,740,318.014704,23840,,38.51619,353.742445,84.186366,16
85034,85,3471,3326,1483,25500,,101,1730,1005.070249,105
85035,85,5139,4468,2620.079951,28160,,224.149233,1643.977874,1195.5667,204
85036,85,587,582,262,24790,,22,281,99.295462,12
85038,85,2916,2791,1138.264196,26670,,79.116444,1498.466841,980.113813,62
85039,85,4015,3921,1653.751934,25600,,93.093343,2031.144149,1294.914249,70
85040,85,1100,1114,498,23790,,37,431,241.17381,21
85042,85,1909,1909,813.841029,24010,,114.216616,870.783395,427.445576,54
85045,85,1103,1061,503.37022,25210,,40.734992,447.394771,393.951122,29
85046,85,3883,3756,1568.681532,26420,,129.44585,1987.298705,1624.514215,125
85047,85,22890,20303,11111.201932,25830,10.4,1069.424059,9330.800723,12628.073966,1078
85049,85,1816,1757,790,24330,,79,790,308.669638,33
85050,85,2041,1839,893.462671,23860,,74.386159,845.123295,273.625479,32
85051,85,8518,8291,3816.278736,24630,11,368.972704,3877.911357,4700.857848,346
85054,85,1083,887,452,23930,,55,525,117.075135,14
85055,85,1108,952,437,25210,,32,569,81.037174,10
85056,85,394,382,180.564572,24440,,11.060558,159.186389,38.231024,11
85058,85,792,726,323.63622,27120,,16.883108,395.179083,283.988824,20
85059,85,2590,2522,1189.808675,22720,,129.426478,956.544213,2117.771316,124
85061,85,1550,1537,603.075389,25950,,40.992637,755.215167,179.122749,23
85062,85,1144,1027,449.904429,24560,,43.204452,569.903599,135.616737,27
85064,85,2559,2483,1033.831376,25850,,64.413756,1284.300909,758.704188,71
85065,85,3648,3543,1495.936385,25150,,106.16006,1819.278673,1175.055609,104
85066,85,847,833,352.853651,24180,,30.414128,426.584933,87.597823,10
85067,85,1002,980,407.785673,25610,,25.019446,475.991232,374.461381,46
85070,85,3416,3146,1532.843653,25180,,166.903342,1520.819636,1556.6132,116
85071,85,3708,3444,1628.524433,24800,,175.762739,1648.069947,923.635482,83
85072,85,1047,988,424.895722,24870,,21.890432,570.685233,536.675205,21
85073,85,1025,1053,397.670684,25320,,23.754295,507.132508,193.505627,26
85074,85,229,216,88.454936,24260,,6.879828,92.386266,17.76084,3
85076,85,5659,5262,2232.236543,27940,,146.332194,2899.308941,1869.034183,144
85077,85,492,503,224,23010,,30,216,42.432441,8
85078,85,731,748,382.224204,24460,,30.723686,299.874233,314.533914,24
85080,85,1757,1720,709.013937,25000,,72.769234,766.526215,230.522746,36
85081,85,4535,4248,1844.926432,27360,,116.1917,2291.498595,1864.81594,163
85082,85,2984,2832,1243.605289,25420,,86.359936,1528.707394,1614.446631,95
85083,85,1643,1649,862.561432,24800,,44.600122,624.987219,510.473475,66
85084,85,6835,6313,2729.461497,25780,7,221.508594,3503.066308,6932.616662,377
85086,85,1704,1576,702.013555,24630,,79.0772,825.175558,402.15478,42
85087,85,205,208,100.054866,20510,,10.9405,84.556639,40.793627,5
85088,85,4978,4668,2354,28060,,154,1894,496.499102,78
85089,85,5411,5234,2227.875876,26360,,188.214404,2578.747741,1787.7032,132
85090,85,6401,6507,2608.863596,24910,,248.959968,3239.069981,1938.252576,194
85092,85,13806,13424,6871.628106,24230,17,715.292052,5261.505441,10166.552252,674
85093,85,1242,1182,511,25140,,31,657,281.93127,28
85094,85,1176,1114,534.56297,24430,,46.878488,513.436335,293.917076,41
85095,85,2128,1831,866.032439,24400,,60.469003,1122.48541,222.923688,44
85096,85,5413,4956,2326,25600,,174,2640,1370.850359,161
85097,85,3223,3034,1322.126734,25760,,90.51426,1617.20867,750.97052,78
85098,85,1963,1905,841.321162,26660,,60.739636,996.877432,152.485713,29
85099,85,1144,1026,455.706698,25220,,45.919533,562.123646,89.998556,15
85100,85,2216,2129,999.872616,27060,,90.304791,900.307967,966.585663,62
85101,85,484,492,197.962112,24470,,31.804705,209.951923,29.521456,8
85102,85,725,658,299.123583,23410,,31.359926,368.897577,81.905715,6
85103,85,2216,2151,939,25540,,86,1146,277.217223,39
85104,85,910,832,459.840149,25290,,52.246095,321.908987,135.721969,26
85105,85,516,546,249.738162,22680,,26.889409,214.003841,61.650579,9
85106,85,1335,1359,718.035237,26470,,78.833352,537.553114,656.920296,111
85108,85,3437,3145,1343.772601,26870,,95.180954,1831.293846,1180.587265,87
85109,85,16589,15972,7407.655601,26010,8,633.239262,8425.952594,14824.684087,837
85110,85,903,911,391.476504,23270,,49.166371,374.162269,260.939752,27
85111,85,1505,1534,703.594285,23570,,83.829734,702.392602,440.700706,34
85112,85,2805,2699,1258.408461,26850,,114.113722,1287.494558,307.001145,80
85113,85,4887,4789,2346.156128,26500,,244.94954,2059.496329,1806.368132,308
85114,85,3046,2647,1716.318931,28440,,97.555078,700.301113,766.797244,146
85115,85,647,613,268.636829,24390,,17.535953,297.393486,172.04524,21
85116,85,483,440,216.530253,25200,,23.881655,195.101859,68.50333,15
85117,85,601,619,284,25300,,18,258,101.098666,17
85118,85,2285,2272,945,27090,,70,1163,264.883285,44
85119,85,2572,2344,1063.381061,26170,,61.607901,1285.771383,686.230038,68
85120,85,1512,1370,681.975399,25400,,76.641515,678.946212,289.471966,36
85121,85,1050,1046,482,23070,,49,481,170.021033,25
85123,85,296,276,132.902761,24930,,14.592285,144.024842,27.757917,4
85125,85,383,383,155.806423,23820,,14.368441,165.52318,44.269517,10
85126,85,1360,1318,573.640764,26360,,43.960499,635.961901,230.253311,27
85127,85,2442,2495,1273.285995,27200,,85.94797,720.874389,635.749212,118
85128,85,9450,9467,4923.041926,24440,15,410.14281,3547.868218,5893.018719,424
85129,85,3671,3427,1496.039218,25760,,96.318389,1843.952787,917.687957,88
85130,85,1754,1483,758.46463,25090,,78.234521,893.523566,449.609231,47
85131,85,1461,1618,667.743037,25220,,70.65622,677.905629,168.264882,26
85132,85,757,765,332.708707,24960,,29.279592,324.644675,148.115205,21
85133,85,895,956,422.578815,24100,,30.139851,358.554364,411.661986,48
85134,85,240,256,113.109461,26070,,11.892762,122.924372,18.513961,3
85135,85,2773,2823,1224.002497,24760,,143.290523,1089.896786,689.720533,99
85136,85,124,110,57.463415,21910,,11.089431,52.422764,17.16385,2
85137,85,526,510,233.554495,25830,,14.69416,242.578883,55.169046,11
85138,85,1199,1119,474.110546,25350,,58.470838,594.057149,131.537764,14
85139,85,457,456,220.551305,24130,,16.473215,180.512783,59.695856,13
85140,85,1489,1513,686,25100,,46,681,492.281218,37
85141,85,681,662,284,23850,,30,311,96.857064,13
85142,85,1010,989,407,25460,,28,546,281.535442,16
85143,85,1073,1049,515,24070,,51,461,205.870155,28
85144,85,1560,1408,624.270494,25940,,53.064659,868.042776,204.293733,26
85145,85,989,979,401.134081,23520,,34.073438,502.420204,105.402167,20
85146,85,20754,20084,8991.296717,27250,6.4,669.38752,10687.317216,15099.946073,908
85147,85,1626,1676,714.604872,24750,,59.83162,789.726733,149.844392,31
85148,85,820,794,345.738094,25470,,43.903892,387.87611,69.712069,11
85149,85,408,404,179.53971,22620,,18.146961,192.849966,60.187318,10
85151,85,6065,5976,2604,26260,,179,2902,3839.048799,191
85152,85,5451,5001,2218,25800,,184,2657,4498.713944,251
85153,85,2986,2865,1261.945313,24890,,79.174427,1460.510913,683.216942,94
85154,85,1749,1839,751.896639,23830,,59.063714,770.488631,922.521191,52
85155,85,5209,4913,2144.685687,28350,,134.156445,2379.833953,2669.800362,200
85156,85,2341,2121,1064,24420,,86,989,904.732567,92
85157,85,823,745,349.967912,25080,,23.428088,378.744543,111.969755,20
85158,85,1211,1233,549.583254,23570,,39.258447,571.767416,241.154831,22
85159,85,2372,2316,1025,24510,,101,1041,505.860617,70
85160,85,3056,2857,1271.820561,26570,,72.682662,1478.650236,405.171045,78
85161,85,2546,2468,1077,25880,,73,1234,485.307705,61
85162,85,2054,2126,859,25570,,69,975,443.93487,68
85163,85,4502,4675,2377.213128,27310,,197.426655,1699.13465,2299.63228,413
85164,85,2293,2066,1174.841145,26430,,87.446174,804.900618,636.650915,104
85165,85,1264,1252,489.64338,,,37.118257,678.3879,0,0
85167,85,801,800,383.827288,26970,,32.797854,346.627586,88.116422,9
85169,85,1110,1089,462.801515,24140,,56.427986,548.714825,281.385812,32
85171,85,618,607,255.565713,26390,,26.427289,289.637056,71.570683,15
85172,85,2210,1989,986.727359,25110,,79.563175,1037.22219,394.286093,63
85174,85,684,698,285.933925,24150,,33.505567,337.924352,114.825893,14
85175,85,678,626,276.525012,25380,,22.77524,339.488356,61.835816,9
85176,85,1144,1127,493.134725,26740,,20.503445,481.198514,163.841669,23
85177,85,1366,1375,624,23420,,66,617,158.142866,28
85178,85,8637,8497,3510,26700,,220,4273,4132.712608,290
85179,85,1234,1082,519.148466,24740,,49.699024,576.68875,138.839713,30
85181,85,643,616,274.179368,24220,,32.91133,291.568703,58.847655,10
85182,85,5641,5533,2534.738588,24930,10,246.570221,2615.860514,4665.327231,235
85184,85,318,320,149.352959,23590,,10.508968,148.654743,51.443386,7
85185,85,646,672,273.975031,25000,,33.185319,305.857498,122.936999,12
85186,85,1018,975,407.982259,26220,,18.716809,520.251154,280.454349,22
85187,85,861,869,367.904636,25280,,31.468941,427.59265,219.944431,21
85188,85,1157,1097,480,24990,,42,538,132.951773,23
85189,85,2179,2071,929.769907,26080,,114.182611,1005.356479,335.026538,51
85190,85,3571,3299,1451,24980,,98,1815,1197.350715,99
85191,85,54699,53741,28216.377251,25090,15.6,3031.244698,24782.870891,45657.403844,2633
85192,85,980,942,404,25260,,20,476,205.550534,18
85193,85,664,622,260.255085,23740,,27.502383,309.545068,66.466394,14
85194,85,48740,43219,26056.790126,28010,9.2,2063.418819,17536.126241,19489.013453,2168
85196,85,1942,1818,767.765021,25960,,38.396991,1044.307142,225.662302,34
85197,85,3833,3638,1491.114298,26180,,93.5043,1968.244563,632.152979,84
85198,85,1382,1341,553.995346,26230,,28.827227,715.540293,170.359476,27
85199,85,533,532,208.472436,23810,,21.145868,262.504934,129.339337,12
85200,85,1166,1059,479.548693,24860,,59.234971,548.60603,128.798089,17
85201,85,511,462,244.186733,25190,,22.160235,195.238366,41.364667,13
85202,85,1587,1605,643.98878,25140,,77.75352,790.374121,473.004712,43
85204,85,2653,2539,1097.799215,24610,,143.689103,1312.947385,660.060814,82
85205,85,543,537,223.058678,23500,,31.880736,253.020992,68.108195,8
85206,85,400,376,209.085966,22990,,23.603954,164.315821,51.431477,9
85207,85,413,384,205.734322,24670,,15.095091,152.435225,44.492588,4
85208,85,2425,2299,973,26610,,55,1223,775.251644,63
85209,85,613,606,245,24640,,27,317,62.880187,19
85210,85,2251,2102,872.54652,24000,,72.680622,1072.454538,353.605939,52
85211,85,2547,2373,1016.24635,26180,,100.518643,1293.600698,318.92223,51
85212,85,1338,1239,516.781223,,,35.915576,704.377058,0,0
85213,85,4285,4141,1755.109296,25930,,130.707152,2043.597508,931.47687,125
85214,85,2592,2115,1081.517161,26730,,74.752837,1321.606171,294.060021,71
85215,85,3924,3787,1639.188581,25530,,124.389203,1928.970566,2913.265581,127
85216,85,2074,2049,850.329186,25600,,57.012304,998.600711,945.426641,90
85218,85,1820,1652,762.984211,26250,,61.358826,969.381883,141.687754,29
85220,85,1629,1503,665.919378,25240,,50.065918,768.244212,320.778183,32
85221,85,2752,2621,1263.319623,24790,,89.285692,1285.899525,373.234484,58
85222,85,8140,7570,4406.278699,27450,8,369.663424,2633.746981,5790.801895,621
85223,85,3593,3498,1528.223827,24380,,148.371343,1630.950108,2745.82443,182
85226,85,12923,11049,6737.297099,27070,10,515.807482,4216.224236,3075.004801,427
85227,85,1904,1965,808.368177,24390,,76.377468,803.877705,404.29697,44
85229,85,628,613,303.232722,23240,,12.642814,250.13211,416.837125,18
85231,85,824,817,402.395966,25470,,37.214426,343.185295,80.038998,18
85232,85,1095,1050,432.180895,25000,,53.210434,569.380015,220.073811,27
85233,85,,,,,,,,,
85234,85,8809,8636,4402.284153,26700,12,429.279234,3019.505581,3582.635214,588
85235,85,427,404,198.518485,24480,,23.076297,205.706655,37.778328,10
85236,85,2018,1713,866.777129,25360,,73.037405,967.955819,374.831095,48
85237,85,394,363,174.950416,24250,,22.129111,175.956153,68.10961,11
85238,85,3613,3612,1460.758337,26260,,96.156629,1623.797261,1892.831275,106
85239,85,1196,1055,463.228834,25340,,65.002461,588.060666,96.279476,20
85240,85,1619,1605,656,26990,,36,862,386.562731,53
85242,85,1033,965,430.465837,24650,,37.826714,504.727933,160.329466,29
85243,85,2933,2659,1457.103174,26260,,103.5943,1030.530984,443.015278,61
85244,85,802,815,338.161321,25340,,26.29469,372.94833,185.93848,17
85245,85,169,175,86,22110,,4,75,120.690847,7
85246,85,2540,2321,1036.145472,25850,,85.964071,1254.862826,701.824178,69
85247,85,1144,1062,435.723507,25470,,24.605365,588.507242,201.789168,27
85248,85,421,409,195.898502,24740,,12.992074,180.614704,75.105424,13
85250,85,2443,2245,1027.935903,26270,,77.337412,1193.945492,337.154161,43
85251,85,637,654,297.806151,23380,,15.928405,291.60803,105.669309,24
85252,85,598,590,236.90371,24260,,25.104667,274.72875,73.661178,17
85254,85,1771,1755,760.202841,24890,,62.681942,829.630418,473.050866,41
85255,85,2347,2356,1178.328091,24770,,100.548774,741.623389,423.571181,58
85256,85,1263,1297,529.349273,24900,,39.555812,523.809768,146.54901,16
85259,85,1382,1345,583.967551,26500,,37.926899,720.513992,239.992149,34
85260,85,857,811,349.407789,23920,,39.783697,461.682989,255.041918,15
85261,85,297,246,110.697,24990,,22.779989,158.064561,38.94956,10
85262,85,3622,3375,1422.186001,25240,,110.473069,1919.146009,1251.793828,73
85264,85,1340,1340,553.437904,23000,,50.394626,575.416513,421.42389,36
85265,85,924,966,406.959268,23440,,60.245034,452.286295,118.762179,17
85266,85,1671,1585,651.926336,25020,,41.793287,796.579641,712.038148,45
85267,85,982,907,418.23509,25340,,53.858456,502.504406,104.740418,18
85268,85,1526,1425,671.738045,24780,,60.546452,716.977793,198.722434,45
85269,85,424,400,186.192931,25960,,26.300797,178.529036,26.463538,6
85273,85,1996,1788,800.835044,25740,,105.592295,989.826227,181.119273,41
85274,85,549,525,242.104634,24070,,19.928164,245.951106,60.254678,11
85276,85,753,788,341.708962,23840,,30.177036,381.720348,68.608701,10
85277,85,1592,1481,661.387194,25000,,56.269551,759.072612,197.071815,34
85278,85,1602,1303,856.549457,27430,,61.913341,484.087159,185.755177,38
85280,85,3390,3070,1510.031048,25480,,118.562932,1586.198181,957.579983,124
85281,85,1029,976,446.840544,24570,,32.920309,537.7357,71.921744,16
85282,85,972,884,396.357218,24660,,24.281214,470.00827,187.62807,23
85284,85,4535,4220,2092.157201,26550,,148.68248,1923.786707,1084.269103,120
85285,85,756,747,299.8083,24790,,21.49525,394.63724,59.275283,16
85286,85,551,579,241.775891,23910,,27.831443,244.634468,73.502132,17
85287,85,447,476,188.512711,24640,,16.569817,242.024327,76.568721,11
85288,85,8327,7510,3867.029474,27910,7,307.248134,3323.098479,2589.150319,354
85289,85,2173,2203,958.653666,24020,,84.049406,979.009833,678.025157,73
85290,85,538,570,248.452119,24740,,22.813818,235.790168,47.765671,15
85291,85,1255,1238,532.888028,25200,,52.295299,675.172335,128.660573,23
85292,85,1504,1493,605.126456,23940,,52.67835,695.195911,311.07721,37
85293,85,1556,1597,670.998549,26200,,36.295613,800.499723,542.581713,39
85294,85,3129,2907,1699,28330,,141,939,1101.207807,294
85295,85,3361,3177,1359.636216,25840,,102.7696,1710.951053,876.071579,86
85296,85,1240,1264,509.293109,24150,,53.277082,589.12383,223.906383,31
85297,85,1061,1019,501,24500,,42,458,189.261208,29
85298,85,1951,1660,824,25130,,66,906,240.436691,48
85300,85,4743,4657,1879.874746,27080,,136.062644,2269.328895,1286.669818,127
85301,85,1802,1711,729,26120,,44,957,438.867649,43
85302,85,5580,5545,2363.593984,25850,,155.218406,2733.882782,2470.769073,208
85303,85,1829,1802,790.830456,24060,,59.229428,784.094959,593.04431,52
85304,85,782,762,321.443143,23390,,40.939249,375.414953,165.556987,17
85305,85,823,860,359,24800,,29,325,220.963264,25
85306,85,743,727,304.722724,24800,,30.42243,339.488111,73.53771,9
